{"Obstacles": {"Obstacle_0": {"Vertex": [[-2.8912381850307316, 10.214193066296907], [-1.576220782931761, 11.309446952325711], [-1.8381074824386128, 12.86613665138448], [-3.621757500917433, 13.388070734503131], [-4.750098451137985, 12.238191332402458], [-4.674888203509552, 10.736127149415559], [-2.8912381850307316, 10.214193066296907]], "Edges": [[-2.8912381850307316, -1.576220782931761, 10.214193066296907, 11.309446952325711], [-1.576220782931761, -1.8381074824386128, 11.309446952325711, 12.86613665138448], [-1.8381074824386128, -3.621757500917433, 12.86613665138448, 13.388070734503131], [-3.621757500917433, -4.750098451137985, 13.388070734503131, 12.238191332402458], [-4.750098451137985, -4.674888203509552, 12.238191332402458, 10.736127149415559], [-4.674888203509552, -2.8912381850307316, 10.736127149415559, 10.214193066296907]], "ID": 0}, "Obstacle_1": {"Vertex": [[16.67826995039774, 20.0], [17.45135884104618, 18.268407267751986], [17.67826995039774, 20.0], [16.67826995039774, 20.0]], "Edges": [[16.67826995039774, 17.45135884104618, 20.0, 18.268407267751986], [17.45135884104618, 17.67826995039774, 18.268407267751986, 20.0], [17.67826995039774, 16.67826995039774, 20.0, 20.0]], "ID": 1}, "Obstacle_2": {"Vertex": [[-5.7024270493857525, 11.173641737479148], [-6.045033334735422, 12.477035296030476], [-6.503110091753084, 11.801047867551368], [-6.587163032775059, 9.864417651865196], [-6.412588827140288, 8.044693886546373], [-6.007471230587417, 8.750281421605433], [-5.587163032775059, 9.26278114285254], [-5.7024270493857525, 11.173641737479148]], "Edges": [[-5.7024270493857525, -6.045033334735422, 11.173641737479148, 12.477035296030476], [-6.045033334735422, -6.503110091753084, 12.477035296030476, 11.801047867551368], [-6.503110091753084, -6.587163032775059, 11.801047867551368, 9.864417651865196], [-6.587163032775059, -6.412588827140288, 9.864417651865196, 8.044693886546373], [-6.412588827140288, -6.007471230587417, 8.044693886546373, 8.750281421605433], [-6.007471230587417, -5.587163032775059, 8.750281421605433, 9.26278114285254], [-5.587163032775059, -5.7024270493857525, 9.26278114285254, 11.173641737479148]], "ID": 2}, "Obstacle_3": {"Vertex": [[-9.96763345077204, 6.067615940201205], [-10.234355514870337, 4.572708077368159], [-7.878723036242358, 4.195623668766477], [-6.927672525094877, 5.580985755640812], [-8.000801866729791, 6.3187231661120125], [-9.324737092270148, 7.5023066585419365], [-9.96763345077204, 6.067615940201205]], "Edges": [[-9.96763345077204, -10.234355514870337, 6.067615940201205, 4.572708077368159], [-10.234355514870337, -7.878723036242358, 4.572708077368159, 4.195623668766477], [-7.878723036242358, -6.927672525094877, 4.195623668766477, 5.580985755640812], [-6.927672525094877, -8.000801866729791, 5.580985755640812, 6.3187231661120125], [-8.000801866729791, -9.324737092270148, 6.3187231661120125, 7.5023066585419365], [-9.324737092270148, -9.96763345077204, 7.5023066585419365, 6.067615940201205]], "ID": 3}, "Obstacle_4": {"Vertex": [[19.707714412218653, 15.20722250011225], [20.0, 16.865780184704974], [20.0, 19.22018051615771], [18.507879559780303, 20.0], [16.74147472030465, 18.301724425939547], [17.194340258107744, 15.823846754807782], [19.707714412218653, 15.20722250011225]], "Edges": [[19.707714412218653, 20.0, 15.20722250011225, 16.865780184704974], [20.0, 20.0, 16.865780184704974, 19.22018051615771], [20.0, 18.507879559780303, 19.22018051615771, 20.0], [18.507879559780303, 16.74147472030465, 20.0, 18.301724425939547], [16.74147472030465, 17.194340258107744, 18.301724425939547, 15.823846754807782], [17.194340258107744, 19.707714412218653, 15.823846754807782, 15.20722250011225]], "ID": 4}, "Obstacle_5": {"Vertex": [[-0.6473224042951131, 7.56562950256161], [-0.6610723551715267, 6.360635769742488], [-0.24695745058941432, 6.031227353571637], [0.23643561679096836, 5.9954858839104475], [0.33892764482847326, 7.2341349907817385], [-0.1112264623146052, 8.033908890283886], [-0.6473224042951131, 7.56562950256161]], "Edges": [[-0.6473224042951131, -0.6610723551715267, 7.56562950256161, 6.360635769742488], [-0.6610723551715267, -0.24695745058941432, 6.360635769742488, 6.031227353571637], [-0.24695745058941432, 0.23643561679096836, 6.031227353571637, 5.9954858839104475], [0.23643561679096836, 0.33892764482847326, 5.9954858839104475, 7.2341349907817385], [0.33892764482847326, -0.1112264623146052, 7.2341349907817385, 8.033908890283886], [-0.1112264623146052, -0.6473224042951131, 8.033908890283886, 7.56562950256161]], "ID": 5}, "Obstacle_6": {"Vertex": [[-6.947664715502369, 1.2495524707975552], [-7.909091575333754, -0.5902333367036481], [-4.793365642826924, -0.4910054566281627], [-6.315645488473582, 1.1733651534531506], [-6.510605921585865, 2.5254925958031826], [-6.947664715502369, 1.2495524707975552]], "Edges": [[-6.947664715502369, -7.909091575333754, 1.2495524707975552, -0.5902333367036481], [-7.909091575333754, -4.793365642826924, -0.5902333367036481, -0.4910054566281627], [-4.793365642826924, -6.315645488473582, -0.4910054566281627, 1.1733651534531506], [-6.315645488473582, -6.510605921585865, 1.1733651534531506, 2.5254925958031826], [-6.510605921585865, -6.947664715502369, 2.5254925958031826, 1.2495524707975552]], "ID": 6}}, "Created": "2020-12-21 10:00:17", "NumberObstacles": 7, "x_margin": [-20, 20], "y_margin": [-20, 20]}