{"Obstacles": {"Obstacle_0": {"Vertex": [[4.597339318473191, 14.5070293429506], [3.433617874855384, 14.91279749335406], [2.25581498483316, 14.546762290794419], [2.281159831965086, 13.26926961782472], [3.3908970842780866, 12.571273159714028], [4.180295149367414, 13.431233400001977], [4.597339318473191, 14.5070293429506]], "Edges": [[4.597339318473191, 3.433617874855384, 14.5070293429506, 14.91279749335406], [3.433617874855384, 2.25581498483316, 14.91279749335406, 14.546762290794419], [2.25581498483316, 2.281159831965086, 14.546762290794419, 13.26926961782472], [2.281159831965086, 3.3908970842780866, 13.26926961782472, 12.571273159714028], [3.3908970842780866, 4.180295149367414, 12.571273159714028, 13.431233400001977], [4.180295149367414, 4.597339318473191, 13.431233400001977, 14.5070293429506]], "ID": 0}, "Obstacle_1": {"Vertex": [[1.15227383573886, 8.579250859808273], [0.7073285374241933, 9.904601493710128], [-1.0204087865042264, 7.731918871467042], [1.15227383573886, 8.579250859808273]], "Edges": [[1.15227383573886, 0.7073285374241933, 8.579250859808273, 9.904601493710128], [0.7073285374241933, -1.0204087865042264, 9.904601493710128, 7.731918871467042], [-1.0204087865042264, 1.15227383573886, 7.731918871467042, 8.579250859808273]], "ID": 1}, "Obstacle_2": {"Vertex": [[-2.793345687807075, -15.776299305114287], [-3.4499272591744727, -14.955810526692796], [-4.620300630304967, -14.447942650124109], [-5.799873486825306, -15.05776105174094], [-5.774920984333088, -16.106258714218484], [-5.359121011160451, -17.012717903434446], [-4.127380279487998, -17.45447044914234], [-3.439093941732865, -16.536848708796214], [-2.793345687807075, -15.776299305114287]], "Edges": [[-2.793345687807075, -3.4499272591744727, -15.776299305114287, -14.955810526692796], [-3.4499272591744727, -4.620300630304967, -14.955810526692796, -14.447942650124109], [-4.620300630304967, -5.799873486825306, -14.447942650124109, -15.05776105174094], [-5.799873486825306, -5.774920984333088, -15.05776105174094, -16.106258714218484], [-5.774920984333088, -5.359121011160451, -16.106258714218484, -17.012717903434446], [-5.359121011160451, -4.127380279487998, -17.012717903434446, -17.45447044914234], [-4.127380279487998, -3.439093941732865, -17.45447044914234, -16.536848708796214], [-3.439093941732865, -2.793345687807075, -16.536848708796214, -15.776299305114287]], "ID": 2}, "Obstacle_3": {"Vertex": [[-17.508097993013674, -20.0], [-17.21498419857799, -19.38026228177921], [-16.673057720781927, -18.168328882050456], [-17.190318799226457, -16.31531453103371], [-17.673057720781927, -16.281609378568586], [-17.508097993013674, -20.0]], "Edges": [[-17.508097993013674, -17.21498419857799, -20.0, -19.38026228177921], [-17.21498419857799, -16.673057720781927, -19.38026228177921, -18.168328882050456], [-16.673057720781927, -17.190318799226457, -18.168328882050456, -16.31531453103371], [-17.190318799226457, -17.673057720781927, -16.31531453103371, -16.281609378568586], [-17.673057720781927, -17.508097993013674, -16.281609378568586, -20.0]], "ID": 3}, "Obstacle_4": {"Vertex": [[-14.726663489343743, -18.172419110272248], [-18.405421777457274, -14.493660822158713], [-16.462231090244675, -17.971583367685334], [-14.726663489343743, -18.172419110272248]], "Edges": [[-14.726663489343743, -18.405421777457274, -18.172419110272248, -14.493660822158713], [-18.405421777457274, -16.462231090244675, -14.493660822158713, -17.971583367685334], [-16.462231090244675, -14.726663489343743, -17.971583367685334, -18.172419110272248]], "ID": 4}, "Obstacle_5": {"Vertex": [[11.020160697481849, -4.565411810958142], [11.13507376591641, -5.433905073442093], [11.376620436132223, -6.456763196924429], [11.807081961449361, -6.066910268354459], [12.020160697481849, -4.872238223514793], [11.77580566900566, -3.8562948403604578], [11.495352219364351, -2.929232997759372], [11.195339240768922, -3.802047270402247], [11.020160697481849, -4.565411810958142]], "Edges": [[11.020160697481849, 11.13507376591641, -4.565411810958142, -5.433905073442093], [11.13507376591641, 11.376620436132223, -5.433905073442093, -6.456763196924429], [11.376620436132223, 11.807081961449361, -6.456763196924429, -6.066910268354459], [11.807081961449361, 12.020160697481849, -6.066910268354459, -4.872238223514793], [12.020160697481849, 11.77580566900566, -4.872238223514793, -3.8562948403604578], [11.77580566900566, 11.495352219364351, -3.8562948403604578, -2.929232997759372], [11.495352219364351, 11.195339240768922, -2.929232997759372, -3.802047270402247], [11.195339240768922, 11.020160697481849, -3.802047270402247, -4.565411810958142]], "ID": 5}, "Obstacle_6": {"Vertex": [[1.4035011923267575, 12.00226698918203], [1.2208001289045356, 10.345047249222937], [1.3273478428310543, 8.648423112788121], [1.783274652078116, 8.205559912766168], [2.2178750385395616, 9.002249349497399], [2.2208001289045356, 10.833530762833345], [1.8930120470157643, 12.07773402503119], [1.4035011923267575, 12.00226698918203]], "Edges": [[1.4035011923267575, 1.2208001289045356, 12.00226698918203, 10.345047249222937], [1.2208001289045356, 1.3273478428310543, 10.345047249222937, 8.648423112788121], [1.3273478428310543, 1.783274652078116, 8.648423112788121, 8.205559912766168], [1.783274652078116, 2.2178750385395616, 8.205559912766168, 9.002249349497399], [2.2178750385395616, 2.2208001289045356, 9.002249349497399, 10.833530762833345], [2.2208001289045356, 1.8930120470157643, 10.833530762833345, 12.07773402503119], [1.8930120470157643, 1.4035011923267575, 12.07773402503119, 12.00226698918203]], "ID": 6}, "Obstacle_7": {"Vertex": [[-4.545320739818999, 18.30811325744263], [-1.2105857850899264, 19.533126960328545], [-5.816554589458002, 20.0], [-4.545320739818999, 18.30811325744263]], "Edges": [[-4.545320739818999, -1.2105857850899264, 18.30811325744263, 19.533126960328545], [-1.2105857850899264, -5.816554589458002, 19.533126960328545, 20.0], [-5.816554589458002, -4.545320739818999, 20.0, 18.30811325744263]], "ID": 7}}, "Created": "2020-12-21 10:00:56", "NumberObstacles": 8, "x_margin": [-20, 20], "y_margin": [-20, 20]}