{"Obstacles": {"Obstacle_0": {"Vertex": [[14.795842064412609, 0.40264261861243966], [16.105705876961707, 1.4212646633439863], [15.643209635221172, 2.899437942728512], [14.625907985192713, 3.030553353137748], [13.363236358968809, 3.926394455172231], [12.581954040401914, 2.4326808286095907], [13.227624965009483, 0.8527651580392721], [14.795842064412609, 0.40264261861243966]], "Edges": [[14.795842064412609, 16.105705876961707, 0.40264261861243966, 1.4212646633439863], [16.105705876961707, 15.643209635221172, 1.4212646633439863, 2.899437942728512], [15.643209635221172, 14.625907985192713, 2.899437942728512, 3.030553353137748], [14.625907985192713, 13.363236358968809, 3.030553353137748, 3.926394455172231], [13.363236358968809, 12.581954040401914, 3.926394455172231, 2.4326808286095907], [12.581954040401914, 13.227624965009483, 2.4326808286095907, 0.8527651580392721], [13.227624965009483, 14.795842064412609, 0.8527651580392721, 0.40264261861243966]], "ID": 0}, "Obstacle_1": {"Vertex": [[-14.548405448828149, -15.435991601229253], [-12.806049319835669, -15.024171068463936], [-15.048094497604628, -12.44969753819234], [-16.17736065274328, -15.82100887109995], [-14.548405448828149, -15.435991601229253]], "Edges": [[-14.548405448828149, -12.806049319835669, -15.435991601229253, -15.024171068463936], [-12.806049319835669, -15.048094497604628, -15.024171068463936, -12.44969753819234], [-15.048094497604628, -16.17736065274328, -12.44969753819234, -15.82100887109995], [-16.17736065274328, -14.548405448828149, -15.82100887109995, -15.435991601229253]], "ID": 1}, "Obstacle_2": {"Vertex": [[3.5428427735104497, 5.426326024257581], [-0.09228036299906472, 6.756797875574019], [-0.13172637792756858, 4.323245290167691], [1.6183384024958412, 3.0822287241360016], [3.5428427735104497, 5.426326024257581]], "Edges": [[3.5428427735104497, -0.09228036299906472, 5.426326024257581, 6.756797875574019], [-0.09228036299906472, -0.13172637792756858, 6.756797875574019, 4.323245290167691], [-0.13172637792756858, 1.6183384024958412, 4.323245290167691, 3.0822287241360016], [1.6183384024958412, 3.5428427735104497, 3.0822287241360016, 5.426326024257581]], "ID": 2}}, "Created": "2020-12-21 10:00:44", "NumberObstacles": 3, "x_margin": [-20, 20], "y_margin": [-20, 20]}