{"Obstacles": {"Obstacle_0": {"Vertex": [[6.38847561614381, -2.1115127573696606], [8.71421457153057, 0.4960596711762872], [6.608205070951454, 2.259878182364882], [4.342823631796028, 0.8530837734499893], [6.38847561614381, -2.1115127573696606]], "Edges": [[6.38847561614381, 8.71421457153057, -2.1115127573696606, 0.4960596711762872], [8.71421457153057, 6.608205070951454, 0.4960596711762872, 2.259878182364882], [6.608205070951454, 4.342823631796028, 2.259878182364882, 0.8530837734499893], [4.342823631796028, 6.38847561614381, 0.8530837734499893, -2.1115127573696606]], "ID": 0}, "Obstacle_1": {"Vertex": [[15.023715002321923, 13.338345159469423], [14.703798020517894, 10.9957990735316], [15.126967706381725, 9.285930336013346], [15.703798020517894, 8.75281419734732], [15.612748456165283, 11.099582768282794], [15.67248460601609, 13.463568007940781], [15.023715002321923, 13.338345159469423]], "Edges": [[15.023715002321923, 14.703798020517894, 13.338345159469423, 10.9957990735316], [14.703798020517894, 15.126967706381725, 10.9957990735316, 9.285930336013346], [15.126967706381725, 15.703798020517894, 9.285930336013346, 8.75281419734732], [15.703798020517894, 15.612748456165283, 8.75281419734732, 11.099582768282794], [15.612748456165283, 15.67248460601609, 11.099582768282794, 13.463568007940781], [15.67248460601609, 15.023715002321923, 13.463568007940781, 13.338345159469423]], "ID": 1}, "Obstacle_2": {"Vertex": [[11.269878543497185, 14.288670829657226], [8.86381127854625, 10.907599607855552], [11.246174739432492, 9.510782897009292], [13.641699211194183, 10.76678237008335], [11.269878543497185, 14.288670829657226]], "Edges": [[11.269878543497185, 8.86381127854625, 14.288670829657226, 10.907599607855552], [8.86381127854625, 11.246174739432492, 10.907599607855552, 9.510782897009292], [11.246174739432492, 13.641699211194183, 9.510782897009292, 10.76678237008335], [13.641699211194183, 11.269878543497185, 10.76678237008335, 14.288670829657226]], "ID": 2}, "Obstacle_3": {"Vertex": [[-18.159639497434217, 8.245677585521067], [-17.718500557980523, 8.49695411010866], [-17.518601181748974, 9.471058639047296], [-17.71764239439278, 10.451742771883124], [-18.162684262305408, 10.691421061866622], [-18.518601181748974, 10.009610868094095], [-18.514704314170764, 8.922829123690036], [-18.159639497434217, 8.245677585521067]], "Edges": [[-18.159639497434217, -17.718500557980523, 8.245677585521067, 8.49695411010866], [-17.718500557980523, -17.518601181748974, 8.49695411010866, 9.471058639047296], [-17.518601181748974, -17.71764239439278, 9.471058639047296, 10.451742771883124], [-17.71764239439278, -18.162684262305408, 10.451742771883124, 10.691421061866622], [-18.162684262305408, -18.518601181748974, 10.691421061866622, 10.009610868094095], [-18.518601181748974, -18.514704314170764, 10.009610868094095, 8.922829123690036], [-18.514704314170764, -18.159639497434217, 8.922829123690036, 8.245677585521067]], "ID": 3}, "Obstacle_4": {"Vertex": [[-2.452833819421263, -18.60198472384318], [-3.7860244028736982, -18.80421800139387], [-4.638369205848994, -17.9658946402774], [-4.2271164345237215, -18.938832925407674], [-4.11546887167731, -19.168327879107217], [-3.720574462380503, -20.0], [-3.1333009989112233, -19.352695200542044], [-2.452833819421263, -18.60198472384318]], "Edges": [[-2.452833819421263, -3.7860244028736982, -18.60198472384318, -18.80421800139387], [-3.7860244028736982, -4.638369205848994, -18.80421800139387, -17.9658946402774], [-4.638369205848994, -4.2271164345237215, -17.9658946402774, -18.938832925407674], [-4.2271164345237215, -4.11546887167731, -18.938832925407674, -19.168327879107217], [-4.11546887167731, -3.720574462380503, -19.168327879107217, -20.0], [-3.720574462380503, -3.1333009989112233, -20.0, -19.352695200542044], [-3.1333009989112233, -2.452833819421263, -19.352695200542044, -18.60198472384318]], "ID": 4}, "Obstacle_5": {"Vertex": [[-19.260170283039876, 17.456132956226973], [-18.115951087633935, 17.44878689014993], [-17.301657631736166, 18.250525976308236], [-17.29429197805983, 19.39170233151498], [-18.098168826632772, 20.0], [-19.242388022038718, 20.0], [-20.0, 19.409437303868277], [-19.716584737957138, 18.409195294976353], [-19.260170283039876, 17.456132956226973]], "Edges": [[-19.260170283039876, -18.115951087633935, 17.456132956226973, 17.44878689014993], [-18.115951087633935, -17.301657631736166, 17.44878689014993, 18.250525976308236], [-17.301657631736166, -17.29429197805983, 18.250525976308236, 19.39170233151498], [-17.29429197805983, -18.098168826632772, 19.39170233151498, 20.0], [-18.098168826632772, -19.242388022038718, 20.0, 20.0], [-19.242388022038718, -20.0, 20.0, 19.409437303868277], [-20.0, -19.716584737957138, 19.409437303868277, 18.409195294976353], [-19.716584737957138, -19.260170283039876, 18.409195294976353, 17.456132956226973]], "ID": 5}, "Obstacle_6": {"Vertex": [[-11.955032749651128, 14.860337660052512], [-11.126834592805471, 17.059023779288108], [-12.126834592805471, 18.953443670351813], [-11.955032749651128, 14.860337660052512]], "Edges": [[-11.955032749651128, -11.126834592805471, 14.860337660052512, 17.059023779288108], [-11.126834592805471, -12.126834592805471, 17.059023779288108, 18.953443670351813], [-12.126834592805471, -11.955032749651128, 18.953443670351813, 14.860337660052512]], "ID": 6}}, "Created": "2020-12-21 10:02:09", "NumberObstacles": 7, "x_margin": [-20, 20], "y_margin": [-20, 20]}