{"Obstacles": {"Obstacle_0": {"Vertex": [[-9.937540823178727, -16.562763146812124], [-9.957368602280216, -18.59897833904533], [-8.955464389784748, -20.0], [-6.799445883673072, -19.860099046226907], [-5.9921158916758674, -17.7640761036344], [-7.642471331633888, -16.189898049937984], [-9.937540823178727, -16.562763146812124]], "Edges": [[-9.937540823178727, -9.957368602280216, -16.562763146812124, -18.59897833904533], [-9.957368602280216, -8.955464389784748, -18.59897833904533, -20.0], [-8.955464389784748, -6.799445883673072, -20.0, -19.860099046226907], [-6.799445883673072, -5.9921158916758674, -19.860099046226907, -17.7640761036344], [-5.9921158916758674, -7.642471331633888, -17.7640761036344, -16.189898049937984], [-7.642471331633888, -9.937540823178727, -16.189898049937984, -16.562763146812124]], "ID": 0}, "Obstacle_1": {"Vertex": [[-12.127418893671145, 9.406254108301713], [-13.022919283558995, 9.030679027176411], [-13.127418893671145, 6.7641454327377755], [-12.338463216540806, 6.786414603859334], [-12.127418893671145, 9.406254108301713]], "Edges": [[-12.127418893671145, -13.022919283558995, 9.406254108301713, 9.030679027176411], [-13.022919283558995, -13.127418893671145, 9.030679027176411, 6.7641454327377755], [-13.127418893671145, -12.338463216540806, 6.7641454327377755, 6.786414603859334], [-12.338463216540806, -12.127418893671145, 6.786414603859334, 9.406254108301713]], "ID": 1}, "Obstacle_2": {"Vertex": [[-9.508066977529962, -16.539981520901577], [-10.921783837478731, -15.3319449194074], [-12.138136224930127, -16.47659711482557], [-10.983837749141454, -17.962014166807563], [-9.508066977529962, -16.539981520901577]], "Edges": [[-9.508066977529962, -10.921783837478731, -16.539981520901577, -15.3319449194074], [-10.921783837478731, -12.138136224930127, -15.3319449194074, -16.47659711482557], [-12.138136224930127, -10.983837749141454, -16.47659711482557, -17.962014166807563], [-10.983837749141454, -9.508066977529962, -17.962014166807563, -16.539981520901577]], "ID": 2}, "Obstacle_3": {"Vertex": [[13.596764737444216, 16.08684909311152], [13.818886738257518, 20.0], [13.174161767407679, 20.0], [12.818886738257518, 17.19578635054314], [13.596764737444216, 16.08684909311152]], "Edges": [[13.596764737444216, 13.818886738257518, 16.08684909311152, 20.0], [13.818886738257518, 13.174161767407679, 20.0, 20.0], [13.174161767407679, 12.818886738257518, 20.0, 17.19578635054314], [12.818886738257518, 13.596764737444216, 17.19578635054314, 16.08684909311152]], "ID": 3}, "Obstacle_4": {"Vertex": [[-20.0, 16.99934321785781], [-15.67082561692845, 15.165426172287994], [-18.03656092084972, 19.707800988071888], [-20.0, 16.99934321785781]], "Edges": [[-20.0, -15.67082561692845, 16.99934321785781, 15.165426172287994], [-15.67082561692845, -18.03656092084972, 15.165426172287994, 19.707800988071888], [-18.03656092084972, -20.0, 19.707800988071888, 16.99934321785781]], "ID": 4}, "Obstacle_5": {"Vertex": [[3.698406445826209, -19.727357973321855], [6.230387625646996, -18.305493316599467], [5.54312980673585, -15.650429578614009], [2.586399935793853, -15.431374602964027], [1.9344042552891696, -17.844090155173195], [3.698406445826209, -19.727357973321855]], "Edges": [[3.698406445826209, 6.230387625646996, -19.727357973321855, -18.305493316599467], [6.230387625646996, 5.54312980673585, -18.305493316599467, -15.650429578614009], [5.54312980673585, 2.586399935793853, -15.650429578614009, -15.431374602964027], [2.586399935793853, 1.9344042552891696, -15.431374602964027, -17.844090155173195], [1.9344042552891696, 3.698406445826209, -17.844090155173195, -19.727357973321855]], "ID": 5}, "Obstacle_6": {"Vertex": [[-13.420302275646268, 6.35796100499492], [-14.407270674148663, 7.971470479889953], [-16.331020704960963, 7.728384191486332], [-17.088072161566398, 5.894499248526266], [-15.921373587359529, 4.303700593969822], [-14.062229786410448, 4.634877761898387], [-13.420302275646268, 6.35796100499492]], "Edges": [[-13.420302275646268, -14.407270674148663, 6.35796100499492, 7.971470479889953], [-14.407270674148663, -16.331020704960963, 7.971470479889953, 7.728384191486332], [-16.331020704960963, -17.088072161566398, 7.728384191486332, 5.894499248526266], [-17.088072161566398, -15.921373587359529, 5.894499248526266, 4.303700593969822], [-15.921373587359529, -14.062229786410448, 4.303700593969822, 4.634877761898387], [-14.062229786410448, -13.420302275646268, 4.634877761898387, 6.35796100499492]], "ID": 6}, "Obstacle_7": {"Vertex": [[8.313086486509127, -9.426410080202228], [6.507710860185374, -10.707182415728948], [6.983736310296644, -12.669850264107417], [8.8922238334309, -13.616298679771507], [10.697599459754652, -12.335526344244789], [10.274757938874576, -10.335128671523542], [8.313086486509127, -9.426410080202228]], "Edges": [[8.313086486509127, 6.507710860185374, -9.426410080202228, -10.707182415728948], [6.507710860185374, 6.983736310296644, -10.707182415728948, -12.669850264107417], [6.983736310296644, 8.8922238334309, -12.669850264107417, -13.616298679771507], [8.8922238334309, 10.697599459754652, -13.616298679771507, -12.335526344244789], [10.697599459754652, 10.274757938874576, -12.335526344244789, -10.335128671523542], [10.274757938874576, 8.313086486509127, -10.335128671523542, -9.426410080202228]], "ID": 7}, "Obstacle_8": {"Vertex": [[-15.41669283627159, 6.966424673810199], [-16.961860512588988, 6.833593897150556], [-17.696823491074184, 5.6490376758709475], [-16.81856549244802, 4.508972348469651], [-15.239371165733637, 4.597633183738626], [-16.1176291643598, 5.737698511139925], [-15.41669283627159, 6.966424673810199]], "Edges": [[-15.41669283627159, -16.961860512588988, 6.966424673810199, 6.833593897150556], [-16.961860512588988, -17.696823491074184, 6.833593897150556, 5.6490376758709475], [-17.696823491074184, -16.81856549244802, 5.6490376758709475, 4.508972348469651], [-16.81856549244802, -15.239371165733637, 4.508972348469651, 4.597633183738626], [-15.239371165733637, -16.1176291643598, 4.597633183738626, 5.737698511139925], [-16.1176291643598, -15.41669283627159, 5.737698511139925, 6.966424673810199]], "ID": 8}}, "Created": "2020-12-21 10:02:29", "NumberObstacles": 9, "x_margin": [-20, 20], "y_margin": [-20, 20]}