{"Obstacles": {"Obstacle_0": {"Vertex": [[8.71494917885403, -2.1991278781920625], [7.9267055063026035, -0.7220454998563017], [8.025299054181332, -0.004312484147324269], [7.2442336107436835, 1.3424388926472437], [5.421966727137137, 0.8520272518481222], [5.568132273229419, -0.588774570267489], [5.173382408014723, -1.999012024619177], [6.993526440172669, -1.532947586730669], [8.71494917885403, -2.1991278781920625]], "Edges": [[8.71494917885403, 7.9267055063026035, -2.1991278781920625, -0.7220454998563017], [7.9267055063026035, 8.025299054181332, -0.7220454998563017, -0.004312484147324269], [8.025299054181332, 7.2442336107436835, -0.004312484147324269, 1.3424388926472437], [7.2442336107436835, 5.421966727137137, 1.3424388926472437, 0.8520272518481222], [5.421966727137137, 5.568132273229419, 0.8520272518481222, -0.588774570267489], [5.568132273229419, 5.173382408014723, -0.588774570267489, -1.999012024619177], [5.173382408014723, 6.993526440172669, -1.999012024619177, -1.532947586730669], [6.993526440172669, 8.71494917885403, -1.532947586730669, -2.1991278781920625]], "ID": 0}, "Obstacle_1": {"Vertex": [[0.050841390250527585, 12.520409730759829], [1.4481861149400612, 15.140688753932594], [-1.5928107474249678, 16.357591065647767], [-2.388995219947879, 13.713558864575257], [0.050841390250527585, 12.520409730759829]], "Edges": [[0.050841390250527585, 1.4481861149400612, 12.520409730759829, 15.140688753932594], [1.4481861149400612, -1.5928107474249678, 15.140688753932594, 16.357591065647767], [-1.5928107474249678, -2.388995219947879, 16.357591065647767, 13.713558864575257], [-2.388995219947879, 0.050841390250527585, 13.713558864575257, 12.520409730759829]], "ID": 1}, "Obstacle_2": {"Vertex": [[18.781811768967454, -16.431852284454628], [16.917465357828103, -19.45335149609252], [19.938964569465995, -19.424215016334173], [18.781811768967454, -16.431852284454628]], "Edges": [[18.781811768967454, 16.917465357828103, -16.431852284454628, -19.45335149609252], [16.917465357828103, 19.938964569465995, -19.45335149609252, -19.424215016334173], [19.938964569465995, 18.781811768967454, -19.424215016334173, -16.431852284454628]], "ID": 2}, "Obstacle_3": {"Vertex": [[-4.167443169070216, -11.65970364435973], [-4.36628254517721, -13.549907985109117], [-4.128716826201431, -15.080903783256792], [-3.9243838877560653, -16.205181960113517], [-3.6386944718804353, -15.719314472901644], [-3.36628254517721, -14.393983246112299], [-3.4603363878836686, -12.256554985246883], [-3.849169313601688, -13.314165794525168], [-4.167443169070216, -11.65970364435973]], "Edges": [[-4.167443169070216, -4.36628254517721, -11.65970364435973, -13.549907985109117], [-4.36628254517721, -4.128716826201431, -13.549907985109117, -15.080903783256792], [-4.128716826201431, -3.9243838877560653, -15.080903783256792, -16.205181960113517], [-3.9243838877560653, -3.6386944718804353, -16.205181960113517, -15.719314472901644], [-3.6386944718804353, -3.36628254517721, -15.719314472901644, -14.393983246112299], [-3.36628254517721, -3.4603363878836686, -14.393983246112299, -12.256554985246883], [-3.4603363878836686, -3.849169313601688, -12.256554985246883, -13.314165794525168], [-3.849169313601688, -4.167443169070216, -13.314165794525168, -11.65970364435973]], "ID": 3}, "Obstacle_4": {"Vertex": [[-14.946079907187848, 9.65671180731937], [-16.92869639224612, 11.935297033427208], [-18.92823102987373, 11.288749352541512], [-18.235050624576683, 7.953145910741329], [-14.946079907187848, 9.65671180731937]], "Edges": [[-14.946079907187848, -16.92869639224612, 9.65671180731937, 11.935297033427208], [-16.92869639224612, -18.92823102987373, 11.935297033427208, 11.288749352541512], [-18.92823102987373, -18.235050624576683, 11.288749352541512, 7.953145910741329], [-18.235050624576683, -14.946079907187848, 7.953145910741329, 9.65671180731937]], "ID": 4}, "Obstacle_5": {"Vertex": [[-5.602698973040049, -11.117069745471456], [-4.602698973040049, -6.723798772539692], [-4.836210263331625, -6.603319386100498], [-4.836210263331625, -6.603319386100498], [-5.602698973040049, -11.117069745471456]], "Edges": [[-5.602698973040049, -4.602698973040049, -11.117069745471456, -6.723798772539692], [-4.602698973040049, -4.836210263331625, -6.723798772539692, -6.603319386100498], [-4.836210263331625, -4.836210263331625, -6.603319386100498, -6.603319386100498], [-4.836210263331625, -5.602698973040049, -6.603319386100498, -11.117069745471456]], "ID": 5}, "Obstacle_6": {"Vertex": [[-16.91843036646303, 3.1540376009535884], [-16.957551087756542, 1.060571351156023], [-15.318723820507362, -0.3047737645698829], [-13.198896717302203, 0.13844249771781403], [-12.34223114800071, 2.0710918463572443], [-13.231903605144966, 3.9354389735032456], [-15.233255210128677, 4.310546175185947], [-16.91843036646303, 3.1540376009535884]], "Edges": [[-16.91843036646303, -16.957551087756542, 3.1540376009535884, 1.060571351156023], [-16.957551087756542, -15.318723820507362, 1.060571351156023, -0.3047737645698829], [-15.318723820507362, -13.198896717302203, -0.3047737645698829, 0.13844249771781403], [-13.198896717302203, -12.34223114800071, 0.13844249771781403, 2.0710918463572443], [-12.34223114800071, -13.231903605144966, 2.0710918463572443, 3.9354389735032456], [-13.231903605144966, -15.233255210128677, 3.9354389735032456, 4.310546175185947], [-15.233255210128677, -16.91843036646303, 4.310546175185947, 3.1540376009535884]], "ID": 6}}, "Created": "2020-12-21 10:02:17", "NumberObstacles": 7, "x_margin": [-20, 20], "y_margin": [-20, 20]}