{"Obstacles": {"Obstacle_0": {"Vertex": [[-2.820081143333182, 12.333654061764245], [-1.3075421507117213, 9.319310435954453], [0.19426248247661038, 11.288055111284374], [-2.820081143333182, 12.333654061764245]], "Edges": [[-2.820081143333182, -1.3075421507117213, 12.333654061764245, 9.319310435954453], [-1.3075421507117213, 0.19426248247661038, 9.319310435954453, 11.288055111284374], [0.19426248247661038, -2.820081143333182, 11.288055111284374, 12.333654061764245]], "ID": 0}, "Obstacle_1": {"Vertex": [[11.334486736403461, -5.441037297470983], [12.349604500598053, -7.555038865250837], [14.20750914118395, -6.5250754109016595], [13.527841622481215, -4.682016460470349], [11.334486736403461, -5.441037297470983]], "Edges": [[11.334486736403461, 12.349604500598053, -5.441037297470983, -7.555038865250837], [12.349604500598053, 14.20750914118395, -7.555038865250837, -6.5250754109016595], [14.20750914118395, 13.527841622481215, -6.5250754109016595, -4.682016460470349], [13.527841622481215, 11.334486736403461, -4.682016460470349, -5.441037297470983]], "ID": 1}, "Obstacle_2": {"Vertex": [[-17.142652034767995, -4.079391488003244], [-16.614599727931775, -5.728503664965643], [-17.142652034767995, -4.079391488003244], [-15.608725985278546, -3.2112280632621077], [-16.89181464272515, -2.4256461809967895], [-18.35336565590883, -2.8166483832410654], [-18.9115834692474, -4.2136309491115735], [-17.142652034767995, -4.079391488003244]], "Edges": [[-17.142652034767995, -16.614599727931775, -4.079391488003244, -5.728503664965643], [-16.614599727931775, -17.142652034767995, -5.728503664965643, -4.079391488003244], [-17.142652034767995, -15.608725985278546, -4.079391488003244, -3.2112280632621077], [-15.608725985278546, -16.89181464272515, -3.2112280632621077, -2.4256461809967895], [-16.89181464272515, -18.35336565590883, -2.4256461809967895, -2.8166483832410654], [-18.35336565590883, -18.9115834692474, -2.8166483832410654, -4.2136309491115735], [-18.9115834692474, -17.142652034767995, -4.2136309491115735, -4.079391488003244]], "ID": 2}, "Obstacle_3": {"Vertex": [[6.770906501167943, -7.419212838385924], [7.146480647576107, -8.866933833232572], [7.199655650719711, -10.680683716656386], [7.468621196817994, -9.522761221282767], [7.770906501167943, -8.443349789429545], [7.288780890640263, -8.51436084264137], [7.232223668921816, -7.482412324605216], [6.770906501167943, -7.419212838385924]], "Edges": [[6.770906501167943, 7.146480647576107, -7.419212838385924, -8.866933833232572], [7.146480647576107, 7.199655650719711, -8.866933833232572, -10.680683716656386], [7.199655650719711, 7.468621196817994, -10.680683716656386, -9.522761221282767], [7.468621196817994, 7.770906501167943, -9.522761221282767, -8.443349789429545], [7.770906501167943, 7.288780890640263, -8.443349789429545, -8.51436084264137], [7.288780890640263, 7.232223668921816, -8.51436084264137, -7.482412324605216], [7.232223668921816, 6.770906501167943, -7.482412324605216, -7.419212838385924]], "ID": 3}, "Obstacle_4": {"Vertex": [[2.5837972782688965, 14.855440485320022], [7.359155531248573, 16.354529704544422], [3.637828965544175, 19.6307987382997], [2.5837972782688965, 14.855440485320022]], "Edges": [[2.5837972782688965, 7.359155531248573, 14.855440485320022, 16.354529704544422], [7.359155531248573, 3.637828965544175, 16.354529704544422, 19.6307987382997], [3.637828965544175, 2.5837972782688965, 19.6307987382997, 14.855440485320022]], "ID": 4}, "Obstacle_5": {"Vertex": [[-12.555444628099188, -10.86213998252183], [-12.102119719101951, -11.77827277588253], [-11.555444628099188, -11.2711750528366], [-11.65015143846541, -9.725215363648003], [-12.153603527558168, -10.041394150026536], [-12.555444628099188, -10.86213998252183]], "Edges": [[-12.555444628099188, -12.102119719101951, -10.86213998252183, -11.77827277588253], [-12.102119719101951, -11.555444628099188, -11.77827277588253, -11.2711750528366], [-11.555444628099188, -11.65015143846541, -11.2711750528366, -9.725215363648003], [-11.65015143846541, -12.153603527558168, -9.725215363648003, -10.041394150026536], [-12.153603527558168, -12.555444628099188, -10.041394150026536, -10.86213998252183]], "ID": 5}, "Obstacle_6": {"Vertex": [[2.879800634768621, 17.573575376635105], [2.235639171065405, 16.838991469186603], [1.8798006347686211, 15.753258799577003], [2.6180436019222117, 14.575151289507199], [2.879800634768621, 17.573575376635105]], "Edges": [[2.879800634768621, 2.235639171065405, 17.573575376635105, 16.838991469186603], [2.235639171065405, 1.8798006347686211, 16.838991469186603, 15.753258799577003], [1.8798006347686211, 2.6180436019222117, 15.753258799577003, 14.575151289507199], [2.6180436019222117, 2.879800634768621, 14.575151289507199, 17.573575376635105]], "ID": 6}, "Obstacle_7": {"Vertex": [[17.9895436924505, -5.231957943454132], [20.0, -4.380438437913945], [20.0, -2.298520247811069], [19.38548644301552, -0.5417965517180257], [17.076328019021688, -0.4385161199127716], [15.945639698135682, -2.1698039320583686], [15.956868850320408, -4.199733526960895], [17.9895436924505, -5.231957943454132]], "Edges": [[17.9895436924505, 20.0, -5.231957943454132, -4.380438437913945], [20.0, 20.0, -4.380438437913945, -2.298520247811069], [20.0, 19.38548644301552, -2.298520247811069, -0.5417965517180257], [19.38548644301552, 17.076328019021688, -0.5417965517180257, -0.4385161199127716], [17.076328019021688, 15.945639698135682, -0.4385161199127716, -2.1698039320583686], [15.945639698135682, 15.956868850320408, -2.1698039320583686, -4.199733526960895], [15.956868850320408, 17.9895436924505, -4.199733526960895, -5.231957943454132]], "ID": 7}, "Obstacle_8": {"Vertex": [[-16.132504283766668, -13.561980186189636], [-15.675350984908706, -11.901802006756077], [-17.552509241397015, -10.886526887914439], [-18.3508042831839, -13.179658169848762], [-16.132504283766668, -13.561980186189636]], "Edges": [[-16.132504283766668, -15.675350984908706, -13.561980186189636, -11.901802006756077], [-15.675350984908706, -17.552509241397015, -11.901802006756077, -10.886526887914439], [-17.552509241397015, -18.3508042831839, -10.886526887914439, -13.179658169848762], [-18.3508042831839, -16.132504283766668, -13.179658169848762, -13.561980186189636]], "ID": 8}}, "Created": "2020-12-21 10:02:22", "NumberObstacles": 9, "x_margin": [-20, 20], "y_margin": [-20, 20]}