{"Obstacles": {"Obstacle_0": {"Vertex": [[-0.6283241836148901, -0.31006606163887773], [-1.7005201316319494, -2.265541218439199], [0.35141558692380526, -2.3620017801946327], [-0.6283241836148901, -0.31006606163887773]], "Edges": [[-0.6283241836148901, -1.7005201316319494, -0.31006606163887773, -2.265541218439199], [-1.7005201316319494, 0.35141558692380526, -2.265541218439199, -2.3620017801946327], [0.35141558692380526, -0.6283241836148901, -2.3620017801946327, -0.31006606163887773]], "ID": 0}, "Obstacle_1": {"Vertex": [[16.65943983311109, -18.189127854978608], [17.786457832562817, -17.756055797939915], [18.357716255596436, -16.649861772557568], [17.991872409522085, -15.423261667467948], [16.88475758166992, -14.809181699859952], [15.590922074004789, -15.117515395714072], [14.977770100477784, -16.40370944582601], [15.414342362878735, -17.766352069744034], [16.65943983311109, -18.189127854978608]], "Edges": [[16.65943983311109, 17.786457832562817, -18.189127854978608, -17.756055797939915], [17.786457832562817, 18.357716255596436, -17.756055797939915, -16.649861772557568], [18.357716255596436, 17.991872409522085, -16.649861772557568, -15.423261667467948], [17.991872409522085, 16.88475758166992, -15.423261667467948, -14.809181699859952], [16.88475758166992, 15.590922074004789, -14.809181699859952, -15.117515395714072], [15.590922074004789, 14.977770100477784, -15.117515395714072, -16.40370944582601], [14.977770100477784, 15.414342362878735, -16.40370944582601, -17.766352069744034], [15.414342362878735, 16.65943983311109, -17.766352069744034, -18.189127854978608]], "ID": 1}, "Obstacle_2": {"Vertex": [[14.194591254295169, -16.499764560696242], [13.779416065328698, -13.644494895134443], [13.194591254295169, -15.00420878790094], [13.643443038116283, -17.022775772470617], [14.194591254295169, -16.499764560696242]], "Edges": [[14.194591254295169, 13.779416065328698, -16.499764560696242, -13.644494895134443], [13.779416065328698, 13.194591254295169, -13.644494895134443, -15.00420878790094], [13.194591254295169, 13.643443038116283, -15.00420878790094, -17.022775772470617], [13.643443038116283, 14.194591254295169, -17.022775772470617, -16.499764560696242]], "ID": 2}, "Obstacle_3": {"Vertex": [[14.825454264459793, -11.464518798249339], [15.006901787939851, -12.781161655168706], [15.590733667023523, -13.076122224275656], [15.825454264459793, -11.969733706297681], [15.811670499147079, -10.737797079543867], [15.328191515023498, -11.17103009382802], [14.825454264459793, -11.464518798249339]], "Edges": [[14.825454264459793, 15.006901787939851, -11.464518798249339, -12.781161655168706], [15.006901787939851, 15.590733667023523, -12.781161655168706, -13.076122224275656], [15.590733667023523, 15.825454264459793, -13.076122224275656, -11.969733706297681], [15.825454264459793, 15.811670499147079, -11.969733706297681, -10.737797079543867], [15.811670499147079, 15.328191515023498, -10.737797079543867, -11.17103009382802], [15.328191515023498, 14.825454264459793, -11.17103009382802, -11.464518798249339]], "ID": 3}, "Obstacle_4": {"Vertex": [[2.579852693238963, 6.520004130325285], [4.592331166025602, 5.794543766995982], [5.56225426632886, 7.357669883891369], [4.768966783224789, 8.776945340085879], [3.157705808043047, 8.396036767074719], [2.579852693238963, 6.520004130325285]], "Edges": [[2.579852693238963, 4.592331166025602, 6.520004130325285, 5.794543766995982], [4.592331166025602, 5.56225426632886, 5.794543766995982, 7.357669883891369], [5.56225426632886, 4.768966783224789, 7.357669883891369, 8.776945340085879], [4.768966783224789, 3.157705808043047, 8.776945340085879, 8.396036767074719], [3.157705808043047, 2.579852693238963, 8.396036767074719, 6.520004130325285]], "ID": 4}, "Obstacle_5": {"Vertex": [[-2.798643769135585, -14.879007656141884], [-3.151839149277432, -15.324604516324955], [-3.118892029721386, -16.93957391296535], [-2.3264175492715227, -16.760680368311792], [-2.151839149277432, -14.881598127700695], [-2.798643769135585, -14.879007656141884]], "Edges": [[-2.798643769135585, -3.151839149277432, -14.879007656141884, -15.324604516324955], [-3.151839149277432, -3.118892029721386, -15.324604516324955, -16.93957391296535], [-3.118892029721386, -2.3264175492715227, -16.93957391296535, -16.760680368311792], [-2.3264175492715227, -2.151839149277432, -16.760680368311792, -14.881598127700695], [-2.151839149277432, -2.798643769135585, -14.881598127700695, -14.879007656141884]], "ID": 5}, "Obstacle_6": {"Vertex": [[13.024586132993253, -2.6993636896990356], [13.99866108420043, -4.783902734025657], [16.616552612491166, -4.654532823005545], [17.467497857055335, -2.4639664716029053], [16.380245457848943, -0.34099100996357645], [13.714292069489325, -0.48224027399802516], [13.024586132993253, -2.6993636896990356]], "Edges": [[13.024586132993253, 13.99866108420043, -2.6993636896990356, -4.783902734025657], [13.99866108420043, 16.616552612491166, -4.783902734025657, -4.654532823005545], [16.616552612491166, 17.467497857055335, -4.654532823005545, -2.4639664716029053], [17.467497857055335, 16.380245457848943, -2.4639664716029053, -0.34099100996357645], [16.380245457848943, 13.714292069489325, -0.34099100996357645, -0.48224027399802516], [13.714292069489325, 13.024586132993253, -0.48224027399802516, -2.6993636896990356]], "ID": 6}, "Obstacle_7": {"Vertex": [[9.966570600063479, 5.56855902553499], [11.174549354853186, 5.590497964194767], [12.299558805652552, 6.859565130823002], [11.348689171133014, 8.434545163377882], [9.823278439595999, 8.977786015742389], [8.890331815445151, 7.043210974112967], [9.966570600063479, 5.56855902553499]], "Edges": [[9.966570600063479, 11.174549354853186, 5.56855902553499, 5.590497964194767], [11.174549354853186, 12.299558805652552, 5.590497964194767, 6.859565130823002], [12.299558805652552, 11.348689171133014, 6.859565130823002, 8.434545163377882], [11.348689171133014, 9.823278439595999, 8.434545163377882, 8.977786015742389], [9.823278439595999, 8.890331815445151, 8.977786015742389, 7.043210974112967], [8.890331815445151, 9.966570600063479, 7.043210974112967, 5.56855902553499]], "ID": 7}, "Obstacle_8": {"Vertex": [[16.628687825466233, -12.412413836615517], [15.109852452552055, -11.478512705531193], [14.860274517921637, -13.82882834262739], [16.168514458379175, -14.831581866719151], [17.272489381301746, -14.595610317953172], [18.516506937156546, -13.450789943246305], [18.041923200409542, -11.17534944748424], [16.628687825466233, -12.412413836615517]], "Edges": [[16.628687825466233, 15.109852452552055, -12.412413836615517, -11.478512705531193], [15.109852452552055, 14.860274517921637, -11.478512705531193, -13.82882834262739], [14.860274517921637, 16.168514458379175, -13.82882834262739, -14.831581866719151], [16.168514458379175, 17.272489381301746, -14.831581866719151, -14.595610317953172], [17.272489381301746, 18.516506937156546, -14.595610317953172, -13.450789943246305], [18.516506937156546, 18.041923200409542, -13.450789943246305, -11.17534944748424], [18.041923200409542, 16.628687825466233, -11.17534944748424, -12.412413836615517]], "ID": 8}, "Obstacle_9": {"Vertex": [[-15.055014240074108, -2.032816790864176], [-16.74814149493143, -3.4722981150461774], [-15.516540660277203, -4.487357553010248], [-14.125656968893871, -4.655301316901736], [-15.055014240074108, -2.032816790864176]], "Edges": [[-15.055014240074108, -16.74814149493143, -2.032816790864176, -3.4722981150461774], [-16.74814149493143, -15.516540660277203, -3.4722981150461774, -4.487357553010248], [-15.516540660277203, -14.125656968893871, -4.487357553010248, -4.655301316901736], [-14.125656968893871, -15.055014240074108, -4.655301316901736, -2.032816790864176]], "ID": 9}}, "Created": "2020-12-21 10:01:22", "NumberObstacles": 10, "x_margin": [-20, 20], "y_margin": [-20, 20]}