{"Obstacles": {"Obstacle_0": {"Vertex": [[16.728958862350407, 9.294543934301423], [12.543031489942509, 5.574709079524377], [15.193851724036902, 5.108616561893526], [16.728958862350407, 9.294543934301423]], "Edges": [[16.728958862350407, 12.543031489942509, 9.294543934301423, 5.574709079524377], [12.543031489942509, 15.193851724036902, 5.574709079524377, 5.108616561893526], [15.193851724036902, 16.728958862350407, 5.108616561893526, 9.294543934301423]], "ID": 0}, "Obstacle_1": {"Vertex": [[3.0015661996565015, 4.2599121730006], [-0.41651767752536983, 3.65196326769517], [0.21056827630565178, 0.33819050866631906], [3.5052039868089118, 1.0287141903226786], [3.0015661996565015, 4.2599121730006]], "Edges": [[3.0015661996565015, -0.41651767752536983, 4.2599121730006, 3.65196326769517], [-0.41651767752536983, 0.21056827630565178, 3.65196326769517, 0.33819050866631906], [0.21056827630565178, 3.5052039868089118, 0.33819050866631906, 1.0287141903226786], [3.5052039868089118, 3.0015661996565015, 1.0287141903226786, 4.2599121730006]], "ID": 1}, "Obstacle_2": {"Vertex": [[12.530478774977013, -7.768671745608477], [12.933899113041228, -6.39816384064108], [12.038625977646374, -5.24896802773309], [10.5188182999886, -5.18645219332671], [10.006920600111522, -6.383094885548996], [9.791879969439549, -7.6560221045062935], [11.132148706291284, -8.328471336928388], [12.530478774977013, -7.768671745608477]], "Edges": [[12.530478774977013, 12.933899113041228, -7.768671745608477, -6.39816384064108], [12.933899113041228, 12.038625977646374, -6.39816384064108, -5.24896802773309], [12.038625977646374, 10.5188182999886, -5.24896802773309, -5.18645219332671], [10.5188182999886, 10.006920600111522, -5.18645219332671, -6.383094885548996], [10.006920600111522, 9.791879969439549, -6.383094885548996, -7.6560221045062935], [9.791879969439549, 11.132148706291284, -7.6560221045062935, -8.328471336928388], [11.132148706291284, 12.530478774977013, -8.328471336928388, -7.768671745608477]], "ID": 2}, "Obstacle_3": {"Vertex": [[-6.342467851714026, 0.43531259034266623], [-5.648711044007048, -1.1730759910232453], [-3.2253483121208557, -1.2253900607951123], [-4.377309432550323, 0.39288995451510167], [-3.1059078210935973, 1.9588559000534476], [-5.52927055297979, 2.0111699698253163], [-6.342467851714026, 0.43531259034266623]], "Edges": [[-6.342467851714026, -5.648711044007048, 0.43531259034266623, -1.1730759910232453], [-5.648711044007048, -3.2253483121208557, -1.1730759910232453, -1.2253900607951123], [-3.2253483121208557, -4.377309432550323, -1.2253900607951123, 0.39288995451510167], [-4.377309432550323, -3.1059078210935973, 0.39288995451510167, 1.9588559000534476], [-3.1059078210935973, -5.52927055297979, 1.9588559000534476, 2.0111699698253163], [-5.52927055297979, -6.342467851714026, 2.0111699698253163, 0.43531259034266623]], "ID": 3}, "Obstacle_4": {"Vertex": [[0.26324836809631336, 9.933072158902572], [-0.048966210600979054, 12.947888593293293], [-0.7367516319036866, 10.603937740672341], [0.26324836809631336, 9.933072158902572]], "Edges": [[0.26324836809631336, -0.048966210600979054, 9.933072158902572, 12.947888593293293], [-0.048966210600979054, -0.7367516319036866, 12.947888593293293, 10.603937740672341], [-0.7367516319036866, 0.26324836809631336, 10.603937740672341, 9.933072158902572]], "ID": 4}, "Obstacle_5": {"Vertex": [[-5.265559945790166, 6.925345222484247], [-6.978481816459356, 7.325912137480166], [-6.844044777845255, 5.319031514786497], [-5.189384326001285, 5.891168938793318], [-4.971601193765687, 6.432548236291297], [-5.265559945790166, 6.925345222484247]], "Edges": [[-5.265559945790166, -6.978481816459356, 6.925345222484247, 7.325912137480166], [-6.978481816459356, -6.844044777845255, 7.325912137480166, 5.319031514786497], [-6.844044777845255, -5.189384326001285, 5.319031514786497, 5.891168938793318], [-5.189384326001285, -4.971601193765687, 5.891168938793318, 6.432548236291297], [-4.971601193765687, -5.265559945790166, 6.432548236291297, 6.925345222484247]], "ID": 5}}, "Created": "2020-12-21 10:03:44", "NumberObstacles": 6, "x_margin": [-20, 20], "y_margin": [-20, 20]}