{"Obstacles": {"Obstacle_0": {"Vertex": [[16.704539381309882, 14.665425814108941], [15.969388590507785, 14.315863412231032], [16.318773655636363, 13.380649490814982], [16.607652513307954, 12.946451655937912], [17.074768903513657, 12.55799099577474], [17.922929310481923, 12.71718859770778], [18.076823408841985, 13.906923165699684], [17.420588886233542, 14.63916134392482], [16.704539381309882, 14.665425814108941]], "Edges": [[16.704539381309882, 15.969388590507785, 14.665425814108941, 14.315863412231032], [15.969388590507785, 16.318773655636363, 14.315863412231032, 13.380649490814982], [16.318773655636363, 16.607652513307954, 13.380649490814982, 12.946451655937912], [16.607652513307954, 17.074768903513657, 12.946451655937912, 12.55799099577474], [17.074768903513657, 17.922929310481923, 12.55799099577474, 12.71718859770778], [17.922929310481923, 18.076823408841985, 12.71718859770778, 13.906923165699684], [18.076823408841985, 17.420588886233542, 13.906923165699684, 14.63916134392482], [17.420588886233542, 16.704539381309882, 14.63916134392482, 14.665425814108941]], "ID": 0}, "Obstacle_1": {"Vertex": [[12.153737634283122, 0.8558624809434434], [7.651755516440076, 0.2929017286370701], [9.70733813751497, -3.646119636899602], [12.153737634283122, 0.8558624809434434]], "Edges": [[12.153737634283122, 7.651755516440076, 0.8558624809434434, 0.2929017286370701], [7.651755516440076, 9.70733813751497, 0.2929017286370701, -3.646119636899602], [9.70733813751497, 12.153737634283122, -3.646119636899602, 0.8558624809434434]], "ID": 1}, "Obstacle_2": {"Vertex": [[-2.6246340574081537, -4.493344138367537], [-1.7194307843558625, -7.007002767288872], [1.3321553040511929, -5.0768653612557735], [-0.4754701770298727, -2.7225825254241407], [-3.6584427035950413, -2.0164047596426378], [-2.6246340574081537, -4.493344138367537]], "Edges": [[-2.6246340574081537, -1.7194307843558625, -4.493344138367537, -7.007002767288872], [-1.7194307843558625, 1.3321553040511929, -7.007002767288872, -5.0768653612557735], [1.3321553040511929, -0.4754701770298727, -5.0768653612557735, -2.7225825254241407], [-0.4754701770298727, -3.6584427035950413, -2.7225825254241407, -2.0164047596426378], [-3.6584427035950413, -2.6246340574081537, -2.0164047596426378, -4.493344138367537]], "ID": 2}, "Obstacle_3": {"Vertex": [[15.469289546009753, 18.699323285574394], [14.684904533201442, 18.093411749353802], [13.82832708344918, 18.069356492782248], [13.788393144048891, 17.088641064778272], [14.654725491260345, 16.519900594317367], [15.64018463751118, 16.841633102075523], [15.967815835305917, 17.80836773025858], [15.469289546009753, 18.699323285574394]], "Edges": [[15.469289546009753, 14.684904533201442, 18.699323285574394, 18.093411749353802], [14.684904533201442, 13.82832708344918, 18.093411749353802, 18.069356492782248], [13.82832708344918, 13.788393144048891, 18.069356492782248, 17.088641064778272], [13.788393144048891, 14.654725491260345, 17.088641064778272, 16.519900594317367], [14.654725491260345, 15.64018463751118, 16.519900594317367, 16.841633102075523], [15.64018463751118, 15.967815835305917, 16.841633102075523, 17.80836773025858], [15.967815835305917, 15.469289546009753, 17.80836773025858, 18.699323285574394]], "ID": 3}, "Obstacle_4": {"Vertex": [[16.57507588928279, -6.7296993597483805], [13.675693417064993, -7.377750737932478], [13.437979284883372, -9.975709501406925], [16.228541132730548, -10.96119274138382], [17.66947266651881, -8.924139642566773], [16.57507588928279, -6.7296993597483805]], "Edges": [[16.57507588928279, 13.675693417064993, -6.7296993597483805, -7.377750737932478], [13.675693417064993, 13.437979284883372, -7.377750737932478, -9.975709501406925], [13.437979284883372, 16.228541132730548, -9.975709501406925, -10.96119274138382], [16.228541132730548, 17.66947266651881, -10.96119274138382, -8.924139642566773], [17.66947266651881, 16.57507588928279, -8.924139642566773, -6.7296993597483805]], "ID": 4}, "Obstacle_5": {"Vertex": [[11.321328426069716, 11.609333917976306], [12.321328426069716, 12.185930612109493], [11.72388771327064, 16.16017948676055], [11.321328426069716, 11.609333917976306]], "Edges": [[11.321328426069716, 12.321328426069716, 11.609333917976306, 12.185930612109493], [12.321328426069716, 11.72388771327064, 12.185930612109493, 16.16017948676055], [11.72388771327064, 11.321328426069716, 16.16017948676055, 11.609333917976306]], "ID": 5}, "Obstacle_6": {"Vertex": [[16.229814664005783, 12.759493894964004], [15.895688214071562, 12.502140129254682], [16.214024700262215, 10.950847918967591], [16.895688214071562, 12.162080552968384], [16.65713711389956, 14.198918120274458], [16.229814664005783, 12.759493894964004]], "Edges": [[16.229814664005783, 15.895688214071562, 12.759493894964004, 12.502140129254682], [15.895688214071562, 16.214024700262215, 12.502140129254682, 10.950847918967591], [16.214024700262215, 16.895688214071562, 10.950847918967591, 12.162080552968384], [16.895688214071562, 16.65713711389956, 12.162080552968384, 14.198918120274458], [16.65713711389956, 16.229814664005783, 14.198918120274458, 12.759493894964004]], "ID": 6}, "Obstacle_7": {"Vertex": [[-19.036960792105248, -12.234125219048895], [-17.955993342201612, -13.512522043655036], [-17.772515556510875, -15.17659084363665], [-16.110832137155462, -14.987562085632831], [-14.830049931923115, -13.912145608042268], [-14.852867965459872, -12.17903761301777], [-16.09449516751749, -10.969679983454515], [-17.827603162541987, -10.992498016991274], [-19.036960792105248, -12.234125219048895]], "Edges": [[-19.036960792105248, -17.955993342201612, -12.234125219048895, -13.512522043655036], [-17.955993342201612, -17.772515556510875, -13.512522043655036, -15.17659084363665], [-17.772515556510875, -16.110832137155462, -15.17659084363665, -14.987562085632831], [-16.110832137155462, -14.830049931923115, -14.987562085632831, -13.912145608042268], [-14.830049931923115, -14.852867965459872, -13.912145608042268, -12.17903761301777], [-14.852867965459872, -16.09449516751749, -12.17903761301777, -10.969679983454515], [-16.09449516751749, -17.827603162541987, -10.969679983454515, -10.992498016991274], [-17.827603162541987, -19.036960792105248, -10.992498016991274, -12.234125219048895]], "ID": 7}}, "Created": "2020-12-21 10:02:45", "NumberObstacles": 8, "x_margin": [-20, 20], "y_margin": [-20, 20]}