{"Obstacles": {"Obstacle_0": {"Vertex": [[14.114312389099261, -11.825722916118925], [14.01939536764406, -10.225870776141752], [13.114312389099261, -14.955727227579818], [14.114312389099261, -11.825722916118925]], "Edges": [[14.114312389099261, 14.01939536764406, -11.825722916118925, -10.225870776141752], [14.01939536764406, 13.114312389099261, -10.225870776141752, -14.955727227579818], [13.114312389099261, 14.114312389099261, -14.955727227579818, -11.825722916118925]], "ID": 0}, "Obstacle_1": {"Vertex": [[-6.289774759768668, -11.062498396961871], [-8.062213897810317, -11.19222770260321], [-9.553339056636055, -11.73548008847708], [-9.926194693690492, -13.757505381886185], [-8.605806428811418, -15.366979793400123], [-7.40774432992818, -13.749124134043738], [-5.62171329725224, -13.177746120770376], [-6.289774759768668, -11.062498396961871]], "Edges": [[-6.289774759768668, -8.062213897810317, -11.062498396961871, -11.19222770260321], [-8.062213897810317, -9.553339056636055, -11.19222770260321, -11.73548008847708], [-9.553339056636055, -9.926194693690492, -11.73548008847708, -13.757505381886185], [-9.926194693690492, -8.605806428811418, -13.757505381886185, -15.366979793400123], [-8.605806428811418, -7.40774432992818, -15.366979793400123, -13.749124134043738], [-7.40774432992818, -5.62171329725224, -13.749124134043738, -13.177746120770376], [-5.62171329725224, -6.289774759768668, -13.177746120770376, -11.062498396961871]], "ID": 1}, "Obstacle_2": {"Vertex": [[0.7211022896521964, -2.469423107043056], [2.4216742827334206, -6.08977384864707], [4.52636847041063, -2.2845076678886365], [0.7211022896521964, -2.469423107043056]], "Edges": [[0.7211022896521964, 2.4216742827334206, -2.469423107043056, -6.08977384864707], [2.4216742827334206, 4.52636847041063, -6.08977384864707, -2.2845076678886365], [4.52636847041063, 0.7211022896521964, -2.2845076678886365, -2.469423107043056]], "ID": 2}, "Obstacle_3": {"Vertex": [[-3.3712456846763326, 19.700328045909316], [-5.857399261971272, 15.75440117623048], [-5.857399261971272, 15.75440117623048], [-1.690884052257678, 15.533812836195722], [-3.3712456846763326, 19.700328045909316]], "Edges": [[-3.3712456846763326, -5.857399261971272, 19.700328045909316, 15.75440117623048], [-5.857399261971272, -5.857399261971272, 15.75440117623048, 15.75440117623048], [-5.857399261971272, -1.690884052257678, 15.75440117623048, 15.533812836195722], [-1.690884052257678, -3.3712456846763326, 15.533812836195722, 19.700328045909316]], "ID": 3}, "Obstacle_4": {"Vertex": [[-14.763673973217468, 10.065613864732756], [-12.98449149924312, 11.477662199124957], [-14.574377531326224, 12.988644579138583], [-15.907522213648946, 11.621658512843666], [-14.763673973217468, 10.065613864732756]], "Edges": [[-14.763673973217468, -12.98449149924312, 10.065613864732756, 11.477662199124957], [-12.98449149924312, -14.574377531326224, 11.477662199124957, 12.988644579138583], [-14.574377531326224, -15.907522213648946, 12.988644579138583, 11.621658512843666], [-15.907522213648946, -14.763673973217468, 11.621658512843666, 10.065613864732756]], "ID": 4}, "Obstacle_5": {"Vertex": [[4.5453210386216885, -1.2099501211371828], [4.19746085758419, -1.663534282276213], [4.072526586480908, -2.6607428725432647], [4.234782209826995, -3.6126264999374142], [4.5951183793618755, -3.9757003678452207], [4.943010326962205, -3.5221954010153995], [5.072526586480908, -2.5242780009585095], [4.9077982896397625, -1.5665146464997792], [4.5453210386216885, -1.2099501211371828]], "Edges": [[4.5453210386216885, 4.19746085758419, -1.2099501211371828, -1.663534282276213], [4.19746085758419, 4.072526586480908, -1.663534282276213, -2.6607428725432647], [4.072526586480908, 4.234782209826995, -2.6607428725432647, -3.6126264999374142], [4.234782209826995, 4.5951183793618755, -3.6126264999374142, -3.9757003678452207], [4.5951183793618755, 4.943010326962205, -3.9757003678452207, -3.5221954010153995], [4.943010326962205, 5.072526586480908, -3.5221954010153995, -2.5242780009585095], [5.072526586480908, 4.9077982896397625, -2.5242780009585095, -1.5665146464997792], [4.9077982896397625, 4.5453210386216885, -1.5665146464997792, -1.2099501211371828]], "ID": 5}, "Obstacle_6": {"Vertex": [[14.6487443071413, -2.354350983156936], [14.47653865991387, -1.1831957986009285], [13.219283401189292, -1.238964867750338], [12.52092752371828, -2.1979635061674117], [12.43106381713229, -3.370188762158605], [13.388526873606413, -4.125011459208245], [14.47454092336271, -3.835389535991168], [15.372879477739607, -3.19733884366008], [14.6487443071413, -2.354350983156936]], "Edges": [[14.6487443071413, 14.47653865991387, -2.354350983156936, -1.1831957986009285], [14.47653865991387, 13.219283401189292, -1.1831957986009285, -1.238964867750338], [13.219283401189292, 12.52092752371828, -1.238964867750338, -2.1979635061674117], [12.52092752371828, 12.43106381713229, -2.1979635061674117, -3.370188762158605], [12.43106381713229, 13.388526873606413, -3.370188762158605, -4.125011459208245], [13.388526873606413, 14.47454092336271, -4.125011459208245, -3.835389535991168], [14.47454092336271, 15.372879477739607, -3.835389535991168, -3.19733884366008], [15.372879477739607, 14.6487443071413, -3.19733884366008, -2.354350983156936]], "ID": 6}, "Obstacle_7": {"Vertex": [[-16.941218911309903, -6.7336985386955925], [-16.903242239940525, -9.07166387334378], [-15.163210865375406, -8.206116131479952], [-13.396294237968242, -8.995710530605027], [-13.43427090933762, -6.65774519595684], [-15.206733246008444, -5.52673920000212], [-16.941218911309903, -6.7336985386955925]], "Edges": [[-16.941218911309903, -16.903242239940525, -6.7336985386955925, -9.07166387334378], [-16.903242239940525, -15.163210865375406, -9.07166387334378, -8.206116131479952], [-15.163210865375406, -13.396294237968242, -8.206116131479952, -8.995710530605027], [-13.396294237968242, -13.43427090933762, -8.995710530605027, -6.65774519595684], [-13.43427090933762, -15.206733246008444, -6.65774519595684, -5.52673920000212], [-15.206733246008444, -16.941218911309903, -5.52673920000212, -6.7336985386955925]], "ID": 7}, "Obstacle_8": {"Vertex": [[17.719517220758092, 6.866361753654992], [16.51102335559307, 5.2350587380471625], [17.89675762639083, 4.200508038921722], [19.16352419155192, 3.005367052531122], [20.0, 4.6366700681389545], [19.65001457132003, 6.5671674187008895], [17.719517220758092, 6.866361753654992]], "Edges": [[17.719517220758092, 16.51102335559307, 6.866361753654992, 5.2350587380471625], [16.51102335559307, 17.89675762639083, 5.2350587380471625, 4.200508038921722], [17.89675762639083, 19.16352419155192, 4.200508038921722, 3.005367052531122], [19.16352419155192, 20.0, 3.005367052531122, 4.6366700681389545], [20.0, 19.65001457132003, 4.6366700681389545, 6.5671674187008895], [19.65001457132003, 17.719517220758092, 6.5671674187008895, 6.866361753654992]], "ID": 8}, "Obstacle_9": {"Vertex": [[4.5728480343921225, 7.3155613715382035], [6.663232719175812, 8.612631954261767], [4.527413277164667, 9.882110276200665], [4.096683814513351, 8.595875336604553], [4.5728480343921225, 7.3155613715382035]], "Edges": [[4.5728480343921225, 6.663232719175812, 7.3155613715382035, 8.612631954261767], [6.663232719175812, 4.527413277164667, 8.612631954261767, 9.882110276200665], [4.527413277164667, 4.096683814513351, 9.882110276200665, 8.595875336604553], [4.096683814513351, 4.5728480343921225, 8.595875336604553, 7.3155613715382035]], "ID": 9}}, "Created": "2020-12-21 10:00:01", "NumberObstacles": 10, "x_margin": [-20, 20], "y_margin": [-20, 20]}