{"Obstacles": {"Obstacle_0": {"Vertex": [[-8.67500250263798, 8.510466853167214], [-7.9959679049229315, 7.515819776489852], [-7.073870793926883, 6.741127766766255], [-5.857596016279528, 7.175251498109754], [-5.304531707525921, 8.342259475477352], [-5.738655438869421, 9.558534253124705], [-6.905663416237019, 10.111598561878312], [-8.121938193884374, 9.677474830534813], [-8.67500250263798, 8.510466853167214]], "Edges": [[-8.67500250263798, -7.9959679049229315, 8.510466853167214, 7.515819776489852], [-7.9959679049229315, -7.073870793926883, 7.515819776489852, 6.741127766766255], [-7.073870793926883, -5.857596016279528, 6.741127766766255, 7.175251498109754], [-5.857596016279528, -5.304531707525921, 7.175251498109754, 8.342259475477352], [-5.304531707525921, -5.738655438869421, 8.342259475477352, 9.558534253124705], [-5.738655438869421, -6.905663416237019, 9.558534253124705, 10.111598561878312], [-6.905663416237019, -8.121938193884374, 10.111598561878312, 9.677474830534813], [-8.121938193884374, -8.67500250263798, 9.677474830534813, 8.510466853167214]], "ID": 0}, "Obstacle_1": {"Vertex": [[-0.8218779837353567, 4.601519678172993], [-0.11392332741918199, 5.993265979953477], [-0.9185675492689157, 7.407814294389635], [-2.9202179436358238, 6.7967460954342505], [-2.841951869787995, 5.020187479789642], [-0.8218779837353567, 4.601519678172993]], "Edges": [[-0.8218779837353567, -0.11392332741918199, 4.601519678172993, 5.993265979953477], [-0.11392332741918199, -0.9185675492689157, 5.993265979953477, 7.407814294389635], [-0.9185675492689157, -2.9202179436358238, 7.407814294389635, 6.7967460954342505], [-2.9202179436358238, -2.841951869787995, 6.7967460954342505, 5.020187479789642], [-2.841951869787995, -0.8218779837353567, 5.020187479789642, 4.601519678172993]], "ID": 1}, "Obstacle_2": {"Vertex": [[2.6273154667205034, 13.070288889660677], [2.59115809260533, 15.753451311729846], [-0.0984088151275222, 14.359661337331229], [-0.37001978084005505, 15.109614228771171], [-2.026963640242842, 15.27194196376343], [-1.7477742773072698, 13.504925566045554], [-1.1763065311051708, 11.0991722047665], [1.0521763359533645, 11.182747405902372], [2.6273154667205034, 13.070288889660677]], "Edges": [[2.6273154667205034, 2.59115809260533, 13.070288889660677, 15.753451311729846], [2.59115809260533, -0.0984088151275222, 15.753451311729846, 14.359661337331229], [-0.0984088151275222, -0.37001978084005505, 14.359661337331229, 15.109614228771171], [-0.37001978084005505, -2.026963640242842, 15.109614228771171, 15.27194196376343], [-2.026963640242842, -1.7477742773072698, 15.27194196376343, 13.504925566045554], [-1.7477742773072698, -1.1763065311051708, 13.504925566045554, 11.0991722047665], [-1.1763065311051708, 1.0521763359533645, 11.0991722047665, 11.182747405902372], [1.0521763359533645, 2.6273154667205034, 11.182747405902372, 13.070288889660677]], "ID": 2}, "Obstacle_3": {"Vertex": [[5.4927633440547, -2.3518452177338736], [4.088667090372427, -2.251038986252177], [3.800283368851016, -3.4789799795228435], [4.465610696458087, -4.843708181958788], [6.392952564557627, -4.534776440072614], [5.894945877270433, -3.1432285759445273], [5.4927633440547, -2.3518452177338736]], "Edges": [[5.4927633440547, 4.088667090372427, -2.3518452177338736, -2.251038986252177], [4.088667090372427, 3.800283368851016, -2.251038986252177, -3.4789799795228435], [3.800283368851016, 4.465610696458087, -3.4789799795228435, -4.843708181958788], [4.465610696458087, 6.392952564557627, -4.843708181958788, -4.534776440072614], [6.392952564557627, 5.894945877270433, -4.534776440072614, -3.1432285759445273], [5.894945877270433, 5.4927633440547, -3.1432285759445273, -2.3518452177338736]], "ID": 3}, "Obstacle_4": {"Vertex": [[-13.22049330578185, -12.396799794700133], [-12.671273889705736, -15.599035955920115], [-12.22049330578185, -11.21195032262699], [-13.22049330578185, -12.396799794700133]], "Edges": [[-13.22049330578185, -12.671273889705736, -12.396799794700133, -15.599035955920115], [-12.671273889705736, -12.22049330578185, -15.599035955920115, -11.21195032262699], [-12.22049330578185, -13.22049330578185, -11.21195032262699, -12.396799794700133]], "ID": 4}, "Obstacle_5": {"Vertex": [[-3.144258981825459, -14.800967165272501], [-2.684840678857898, -16.982942153228144], [-0.9622839938698169, -15.509044415718133], [-3.144258981825459, -14.800967165272501]], "Edges": [[-3.144258981825459, -2.684840678857898, -14.800967165272501, -16.982942153228144], [-2.684840678857898, -0.9622839938698169, -16.982942153228144, -15.509044415718133], [-0.9622839938698169, -3.144258981825459, -15.509044415718133, -14.800967165272501]], "ID": 5}, "Obstacle_6": {"Vertex": [[11.420275220869254, 12.215041998489612], [9.903184445639623, 13.546900760298012], [7.674956875479411, 12.54252814380407], [9.470251437126336, 11.247203056495337], [11.151486851643073, 9.801582414908168], [11.420275220869254, 12.215041998489612]], "Edges": [[11.420275220869254, 9.903184445639623, 12.215041998489612, 13.546900760298012], [9.903184445639623, 7.674956875479411, 13.546900760298012, 12.54252814380407], [7.674956875479411, 9.470251437126336, 12.54252814380407, 11.247203056495337], [9.470251437126336, 11.151486851643073, 11.247203056495337, 9.801582414908168], [11.151486851643073, 11.420275220869254, 9.801582414908168, 12.215041998489612]], "ID": 6}}, "Created": "2020-12-21 10:03:50", "NumberObstacles": 7, "x_margin": [-20, 20], "y_margin": [-20, 20]}