{"Obstacles": {"Obstacle_0": {"Vertex": [[-1.4194603926483387, -11.223922702062197], [-0.6312059485546034, -11.455499500854378], [0.3172509059384607, -11.503038405483304], [0.45643101454117896, -10.354843592643537], [0.06095422494870362, -9.234009841030375], [-0.9087775192433727, -9.574822623185227], [-1.8125975499117504, -10.108514874486286], [-1.4194603926483387, -11.223922702062197]], "Edges": [[-1.4194603926483387, -0.6312059485546034, -11.223922702062197, -11.455499500854378], [-0.6312059485546034, 0.3172509059384607, -11.455499500854378, -11.503038405483304], [0.3172509059384607, 0.45643101454117896, -11.503038405483304, -10.354843592643537], [0.45643101454117896, 0.06095422494870362, -10.354843592643537, -9.234009841030375], [0.06095422494870362, -0.9087775192433727, -9.234009841030375, -9.574822623185227], [-0.9087775192433727, -1.8125975499117504, -9.574822623185227, -10.108514874486286], [-1.8125975499117504, -1.4194603926483387, -10.108514874486286, -11.223922702062197]], "ID": 0}, "Obstacle_1": {"Vertex": [[-12.845016450122966, -17.34114259261944], [-10.691750424218823, -18.971068646753306], [-8.220801374545855, -18.913960836133484], [-8.525910539468669, -14.346853571176196], [-10.645583310241626, -16.13726470975468], [-12.845016450122966, -17.34114259261944]], "Edges": [[-12.845016450122966, -10.691750424218823, -17.34114259261944, -18.971068646753306], [-10.691750424218823, -8.220801374545855, -18.971068646753306, -18.913960836133484], [-8.220801374545855, -8.525910539468669, -18.913960836133484, -14.346853571176196], [-8.525910539468669, -10.645583310241626, -14.346853571176196, -16.13726470975468], [-10.645583310241626, -12.845016450122966, -16.13726470975468, -17.34114259261944]], "ID": 1}, "Obstacle_2": {"Vertex": [[18.861849963747225, 11.792304252858722], [18.86004605902436, 16.209026578249386], [18.3608380001093, 16.466408132248823], [17.861849963747225, 16.185081344542105], [17.863653868470095, 11.768359019151438], [18.361849963747225, 13.988692798700413], [18.861849963747225, 11.792304252858722]], "Edges": [[18.861849963747225, 18.86004605902436, 11.792304252858722, 16.209026578249386], [18.86004605902436, 18.3608380001093, 16.209026578249386, 16.466408132248823], [18.3608380001093, 17.861849963747225, 16.466408132248823, 16.185081344542105], [17.861849963747225, 17.863653868470095, 16.185081344542105, 11.768359019151438], [17.863653868470095, 18.361849963747225, 11.768359019151438, 13.988692798700413], [18.361849963747225, 18.861849963747225, 13.988692798700413, 11.792304252858722]], "ID": 2}, "Obstacle_3": {"Vertex": [[-3.5097926209275014, -14.83001021118367], [-4.258757462785502, -16.692174922049972], [-3.3349193376479285, -18.459826020320953], [-1.544919101123236, -18.10828539926959], [-0.5196043938847701, -16.480912226107137], [-1.5746248973255361, -14.720672951420221], [-3.5097926209275014, -14.83001021118367]], "Edges": [[-3.5097926209275014, -4.258757462785502, -14.83001021118367, -16.692174922049972], [-4.258757462785502, -3.3349193376479285, -16.692174922049972, -18.459826020320953], [-3.3349193376479285, -1.544919101123236, -18.459826020320953, -18.10828539926959], [-1.544919101123236, -0.5196043938847701, -18.10828539926959, -16.480912226107137], [-0.5196043938847701, -1.5746248973255361, -16.480912226107137, -14.720672951420221], [-1.5746248973255361, -3.5097926209275014, -14.720672951420221, -14.83001021118367]], "ID": 3}, "Obstacle_4": {"Vertex": [[-15.039789988758775, 14.087997759228484], [-14.722404349157149, 12.57610270291386], [-13.00608907799804, 13.046570193907392], [-11.892049773749603, 14.285503502394935], [-13.197666930919068, 15.266888101344055], [-14.420318183697516, 16.327434181809025], [-15.643381252644772, 15.204299708560344], [-15.039789988758775, 14.087997759228484]], "Edges": [[-15.039789988758775, -14.722404349157149, 14.087997759228484, 12.57610270291386], [-14.722404349157149, -13.00608907799804, 12.57610270291386, 13.046570193907392], [-13.00608907799804, -11.892049773749603, 13.046570193907392, 14.285503502394935], [-11.892049773749603, -13.197666930919068, 14.285503502394935, 15.266888101344055], [-13.197666930919068, -14.420318183697516, 15.266888101344055, 16.327434181809025], [-14.420318183697516, -15.643381252644772, 16.327434181809025, 15.204299708560344], [-15.643381252644772, -15.039789988758775, 15.204299708560344, 14.087997759228484]], "ID": 4}, "Obstacle_5": {"Vertex": [[2.9446670067605116, -15.946988581664089], [3.1946010455948888, -14.634779356094082], [1.3156959998325632, -15.367629510566417], [2.580349166422024, -16.223597220057957], [3.796958724784941, -17.11604208104646], [2.9446670067605116, -15.946988581664089]], "Edges": [[2.9446670067605116, 3.1946010455948888, -15.946988581664089, -14.634779356094082], [3.1946010455948888, 1.3156959998325632, -14.634779356094082, -15.367629510566417], [1.3156959998325632, 2.580349166422024, -15.367629510566417, -16.223597220057957], [2.580349166422024, 3.796958724784941, -16.223597220057957, -17.11604208104646], [3.796958724784941, 2.9446670067605116, -17.11604208104646, -15.946988581664089]], "ID": 5}, "Obstacle_6": {"Vertex": [[11.593556946846212, 10.955867282149729], [10.692738823441202, 13.652948149836043], [8.187881190073181, 13.30720626971992], [7.965863963655427, 11.115954491405338], [9.428479071795612, 10.025255166645257], [11.593556946846212, 10.955867282149729]], "Edges": [[11.593556946846212, 10.692738823441202, 10.955867282149729, 13.652948149836043], [10.692738823441202, 8.187881190073181, 13.652948149836043, 13.30720626971992], [8.187881190073181, 7.965863963655427, 13.30720626971992, 11.115954491405338], [7.965863963655427, 9.428479071795612, 11.115954491405338, 10.025255166645257], [9.428479071795612, 11.593556946846212, 10.025255166645257, 10.955867282149729]], "ID": 6}, "Obstacle_7": {"Vertex": [[9.73745631663312, -11.159115365281647], [8.780594311690972, -11.110641805742649], [8.134163428491734, -11.946579760417393], [8.210041306158221, -13.047738955012296], [9.033352700772745, -13.670035984519645], [10.038364489288753, -13.644366925948617], [10.693557607268732, -12.781774637230887], [10.516436353040797, -11.715376012643597], [9.73745631663312, -11.159115365281647]], "Edges": [[9.73745631663312, 8.780594311690972, -11.159115365281647, -11.110641805742649], [8.780594311690972, 8.134163428491734, -11.110641805742649, -11.946579760417393], [8.134163428491734, 8.210041306158221, -11.946579760417393, -13.047738955012296], [8.210041306158221, 9.033352700772745, -13.047738955012296, -13.670035984519645], [9.033352700772745, 10.038364489288753, -13.670035984519645, -13.644366925948617], [10.038364489288753, 10.693557607268732, -13.644366925948617, -12.781774637230887], [10.693557607268732, 10.516436353040797, -12.781774637230887, -11.715376012643597], [10.516436353040797, 9.73745631663312, -11.715376012643597, -11.159115365281647]], "ID": 7}, "Obstacle_8": {"Vertex": [[17.736580411730035, 4.423200903049196], [15.509142813573849, 1.6849317122261676], [18.89318522983784, 1.0391584867852037], [17.736580411730035, 4.423200903049196]], "Edges": [[17.736580411730035, 15.509142813573849, 4.423200903049196, 1.6849317122261676], [15.509142813573849, 18.89318522983784, 1.6849317122261676, 1.0391584867852037], [18.89318522983784, 17.736580411730035, 1.0391584867852037, 4.423200903049196]], "ID": 8}}, "Created": "2020-12-21 10:01:27", "NumberObstacles": 9, "x_margin": [-20, 20], "y_margin": [-20, 20]}