{"Obstacles": {"Obstacle_0": {"Vertex": [[2.8594799923723544, 7.628091839947547], [6.811376246914229, 8.414296097552306], [3.1603090694248537, 11.579988094489421], [2.8594799923723544, 7.628091839947547]], "Edges": [[2.8594799923723544, 6.811376246914229, 7.628091839947547, 8.414296097552306], [6.811376246914229, 3.1603090694248537, 8.414296097552306, 11.579988094489421], [3.1603090694248537, 2.8594799923723544, 11.579988094489421, 7.628091839947547]], "ID": 0}, "Obstacle_1": {"Vertex": [[3.647496566543218, -4.343282034082895], [4.36638587424296, -5.7928753701348175], [4.647496566543218, -3.3763475932510065], [4.211979257639249, -3.7974642788086737], [3.647496566543218, -4.343282034082895]], "Edges": [[3.647496566543218, 4.36638587424296, -4.343282034082895, -5.7928753701348175], [4.36638587424296, 4.647496566543218, -5.7928753701348175, -3.3763475932510065], [4.647496566543218, 4.211979257639249, -3.3763475932510065, -3.7974642788086737], [4.211979257639249, 3.647496566543218, -3.7974642788086737, -4.343282034082895]], "ID": 1}, "Obstacle_2": {"Vertex": [[5.623525882255645, 0.2300336713013802], [3.3688658285078628, 5.084772503020145], [0.7687870505368815, 0.6152720851062292], [5.623525882255645, 0.2300336713013802]], "Edges": [[5.623525882255645, 3.3688658285078628, 0.2300336713013802, 5.084772503020145], [3.3688658285078628, 0.7687870505368815, 5.084772503020145, 0.6152720851062292], [0.7687870505368815, 5.623525882255645, 0.6152720851062292, 0.2300336713013802]], "ID": 2}, "Obstacle_3": {"Vertex": [[-5.424076781577675, 11.42105825658281], [-5.04103187219923, 12.298935810414836], [-4.865671494239383, 13.844849289180127], [-5.352288308930165, 14.542714891131023], [-5.865671494239383, 14.076669138760659], [-5.575236837133342, 12.754614062855891], [-5.424076781577675, 11.42105825658281]], "Edges": [[-5.424076781577675, -5.04103187219923, 11.42105825658281, 12.298935810414836], [-5.04103187219923, -4.865671494239383, 12.298935810414836, 13.844849289180127], [-4.865671494239383, -5.352288308930165, 13.844849289180127, 14.542714891131023], [-5.352288308930165, -5.865671494239383, 14.542714891131023, 14.076669138760659], [-5.865671494239383, -5.575236837133342, 14.076669138760659, 12.754614062855891], [-5.575236837133342, -5.424076781577675, 12.754614062855891, 11.42105825658281]], "ID": 3}, "Obstacle_4": {"Vertex": [[16.384486787854648, 3.1703172713819363], [16.67268341071928, 1.4489119388562535], [17.384486787854648, 0.2891702003242709], [17.301686255599186, 2.036068421613699], [17.340554485517316, 3.2200262708074634], [16.384486787854648, 3.1703172713819363]], "Edges": [[16.384486787854648, 16.67268341071928, 3.1703172713819363, 1.4489119388562535], [16.67268341071928, 17.384486787854648, 1.4489119388562535, 0.2891702003242709], [17.384486787854648, 17.301686255599186, 0.2891702003242709, 2.036068421613699], [17.301686255599186, 17.340554485517316, 2.036068421613699, 3.2200262708074634], [17.340554485517316, 16.384486787854648, 3.2200262708074634, 3.1703172713819363]], "ID": 4}, "Obstacle_5": {"Vertex": [[-13.096613140458274, -8.346645677821936], [-12.506192298145475, -6.781322078739379], [-12.599989458735196, -3.8874686062654886], [-13.144225679335708, -4.860280726246656], [-13.506192298145475, -6.175535799905831], [-13.096613140458274, -8.346645677821936]], "Edges": [[-13.096613140458274, -12.506192298145475, -8.346645677821936, -6.781322078739379], [-12.506192298145475, -12.599989458735196, -6.781322078739379, -3.8874686062654886], [-12.599989458735196, -13.144225679335708, -3.8874686062654886, -4.860280726246656], [-13.144225679335708, -13.506192298145475, -4.860280726246656, -6.175535799905831], [-13.506192298145475, -13.096613140458274, -6.175535799905831, -8.346645677821936]], "ID": 5}, "Obstacle_6": {"Vertex": [[-15.830530221898453, 9.674870448786328], [-16.691549974739704, 7.3805042377625405], [-15.691549974739704, 5.399546075543279], [-15.830530221898453, 9.674870448786328]], "Edges": [[-15.830530221898453, -16.691549974739704, 9.674870448786328, 7.3805042377625405], [-16.691549974739704, -15.691549974739704, 7.3805042377625405, 5.399546075543279], [-15.691549974739704, -15.830530221898453, 5.399546075543279, 9.674870448786328]], "ID": 6}}, "Created": "2020-12-21 10:03:18", "NumberObstacles": 7, "x_margin": [-20, 20], "y_margin": [-20, 20]}