{"Obstacles": {"Obstacle_0": {"Vertex": [[9.782137435654606, -6.536679730167798], [9.768349357697641, -2.659529683301721], [5.904987388788529, -4.338619659921226], [9.782137435654606, -6.536679730167798]], "Edges": [[9.782137435654606, 9.768349357697641, -6.536679730167798, -2.659529683301721], [9.768349357697641, 5.904987388788529, -2.659529683301721, -4.338619659921226], [5.904987388788529, 9.782137435654606, -4.338619659921226, -6.536679730167798]], "ID": 0}, "Obstacle_1": {"Vertex": [[16.195285380964513, -12.706363222430289], [13.856724678532045, -13.759925468028737], [11.43917685399243, -14.650382579666145], [12.660863629639119, -17.17311514523558], [15.649761280948495, -17.46247174940237], [14.428074505301815, -14.939739183832936], [16.195285380964513, -12.706363222430289]], "Edges": [[16.195285380964513, 13.856724678532045, -12.706363222430289, -13.759925468028737], [13.856724678532045, 11.43917685399243, -13.759925468028737, -14.650382579666145], [11.43917685399243, 12.660863629639119, -14.650382579666145, -17.17311514523558], [12.660863629639119, 15.649761280948495, -17.17311514523558, -17.46247174940237], [15.649761280948495, 14.428074505301815, -17.46247174940237, -14.939739183832936], [14.428074505301815, 16.195285380964513, -14.939739183832936, -12.706363222430289]], "ID": 1}, "Obstacle_2": {"Vertex": [[-18.090744915040016, -10.012186212038447], [-18.21413081663751, -11.541057864919136], [-18.4713355056816, -12.711595325655297], [-18.093316798782737, -13.056379572253414], [-17.851926096323186, -14.370223195062179], [-17.53334691199351, -13.364031717472917], [-17.4713355056816, -11.670814081445329], [-17.70221731818314, -10.28243421411507], [-18.090744915040016, -10.012186212038447]], "Edges": [[-18.090744915040016, -18.21413081663751, -10.012186212038447, -11.541057864919136], [-18.21413081663751, -18.4713355056816, -11.541057864919136, -12.711595325655297], [-18.4713355056816, -18.093316798782737, -12.711595325655297, -13.056379572253414], [-18.093316798782737, -17.851926096323186, -13.056379572253414, -14.370223195062179], [-17.851926096323186, -17.53334691199351, -14.370223195062179, -13.364031717472917], [-17.53334691199351, -17.4713355056816, -13.364031717472917, -11.670814081445329], [-17.4713355056816, -17.70221731818314, -11.670814081445329, -10.28243421411507], [-17.70221731818314, -18.090744915040016, -10.28243421411507, -10.012186212038447]], "ID": 2}, "Obstacle_3": {"Vertex": [[7.232568224652685, -14.629269915867988], [6.728551466637895, -13.734359992178092], [6.299242153898497, -15.126448632975665], [6.363781214347237, -17.36633591826168], [6.86189932512952, -18.279829207734785], [7.299242153898497, -16.902004523646333], [7.232568224652685, -14.629269915867988]], "Edges": [[7.232568224652685, 6.728551466637895, -14.629269915867988, -13.734359992178092], [6.728551466637895, 6.299242153898497, -13.734359992178092, -15.126448632975665], [6.299242153898497, 6.363781214347237, -15.126448632975665, -17.36633591826168], [6.363781214347237, 6.86189932512952, -17.36633591826168, -18.279829207734785], [6.86189932512952, 7.299242153898497, -18.279829207734785, -16.902004523646333], [7.299242153898497, 7.232568224652685, -16.902004523646333, -14.629269915867988]], "ID": 3}, "Obstacle_4": {"Vertex": [[10.990551652063829, 4.4166200492338605], [11.086110719721198, 4.015896339866617], [11.4824420209987, 6.61761815881444], [10.4824420209987, 6.547360554736652], [10.990551652063829, 4.4166200492338605]], "Edges": [[10.990551652063829, 11.086110719721198, 4.4166200492338605, 4.015896339866617], [11.086110719721198, 11.4824420209987, 4.015896339866617, 6.61761815881444], [11.4824420209987, 10.4824420209987, 6.61761815881444, 6.547360554736652], [10.4824420209987, 10.990551652063829, 6.547360554736652, 4.4166200492338605]], "ID": 4}, "Obstacle_5": {"Vertex": [[-10.863641823264729, 8.078730107350557], [-9.961841858135726, 7.42327548822065], [-8.90401527866056, 7.561984934891908], [-8.230554954555801, 8.511157839588147], [-8.392429968800776, 9.717991834157944], [-9.32935313024309, 10.218237371174546], [-10.247454393516367, 10.04166547941777], [-11.025516837509699, 9.28556410192036], [-10.863641823264729, 8.078730107350557]], "Edges": [[-10.863641823264729, -9.961841858135726, 8.078730107350557, 7.42327548822065], [-9.961841858135726, -8.90401527866056, 7.42327548822065, 7.561984934891908], [-8.90401527866056, -8.230554954555801, 7.561984934891908, 8.511157839588147], [-8.230554954555801, -8.392429968800776, 8.511157839588147, 9.717991834157944], [-8.392429968800776, -9.32935313024309, 9.717991834157944, 10.218237371174546], [-9.32935313024309, -10.247454393516367, 10.218237371174546, 10.04166547941777], [-10.247454393516367, -11.025516837509699, 10.04166547941777, 9.28556410192036], [-11.025516837509699, -10.863641823264729, 9.28556410192036, 8.078730107350557]], "ID": 5}}, "Created": "2020-12-21 10:00:37", "NumberObstacles": 6, "x_margin": [-20, 20], "y_margin": [-20, 20]}