{"Obstacles": {"Obstacle_0": {"Vertex": [[12.57506986029202, -15.05898276798943], [12.573809467654007, -13.274871349340227], [12.159595905280911, -12.834044219354782], [11.797133753118201, -13.83467515442886], [11.69874842405585, -15.69060812372614], [12.247941088587027, -15.29476705701394], [12.303447381878577, -16.840811769639192], [12.69874842405585, -16.754858959599016], [12.57506986029202, -15.05898276798943]], "Edges": [[12.57506986029202, 12.573809467654007, -15.05898276798943, -13.274871349340227], [12.573809467654007, 12.159595905280911, -13.274871349340227, -12.834044219354782], [12.159595905280911, 11.797133753118201, -12.834044219354782, -13.83467515442886], [11.797133753118201, 11.69874842405585, -13.83467515442886, -15.69060812372614], [11.69874842405585, 12.247941088587027, -15.69060812372614, -15.29476705701394], [12.247941088587027, 12.303447381878577, -15.29476705701394, -16.840811769639192], [12.303447381878577, 12.69874842405585, -16.840811769639192, -16.754858959599016], [12.69874842405585, 12.57506986029202, -16.754858959599016, -15.05898276798943]], "ID": 0}, "Obstacle_1": {"Vertex": [[-16.880455894651053, 2.0011053216520778], [-16.651917075771408, 0.7073651871359541], [-16.249918402857695, 0.23647850498642908], [-15.886514486504145, 1.1546487853338685], [-15.880455894651053, 2.7542626971920443], [-16.23249314911043, 3.768254700626756], [-16.64706484623123, 3.2950422683472547], [-16.880455894651053, 2.0011053216520778]], "Edges": [[-16.880455894651053, -16.651917075771408, 2.0011053216520778, 0.7073651871359541], [-16.651917075771408, -16.249918402857695, 0.7073651871359541, 0.23647850498642908], [-16.249918402857695, -15.886514486504145, 0.23647850498642908, 1.1546487853338685], [-15.886514486504145, -15.880455894651053, 1.1546487853338685, 2.7542626971920443], [-15.880455894651053, -16.23249314911043, 2.7542626971920443, 3.768254700626756], [-16.23249314911043, -16.64706484623123, 3.768254700626756, 3.2950422683472547], [-16.64706484623123, -16.880455894651053, 3.2950422683472547, 2.0011053216520778]], "ID": 1}, "Obstacle_2": {"Vertex": [[2.4028133680930135, 6.047958484569969], [3.1858775491160785, 9.692959396073812], [-0.45912336238776486, 7.056968703919133], [2.4028133680930135, 6.047958484569969]], "Edges": [[2.4028133680930135, 3.1858775491160785, 6.047958484569969, 9.692959396073812], [3.1858775491160785, -0.45912336238776486, 9.692959396073812, 7.056968703919133], [-0.45912336238776486, 2.4028133680930135, 7.056968703919133, 6.047958484569969]], "ID": 2}}, "Created": "2020-12-21 10:00:22", "NumberObstacles": 3, "x_margin": [-20, 20], "y_margin": [-20, 20]}