{"Obstacles": {"Obstacle_0": {"Vertex": [[-17.04062172300145, 9.626158808300023], [-17.17158899597322, 8.494054449945041], [-17.896837329456737, 7.494319623872337], [-17.04211771685503, 6.62457556189776], [-16.896837329456737, 8.21447313819423], [-16.937804499111653, 8.4662670521105], [-17.04062172300145, 9.626158808300023]], "Edges": [[-17.04062172300145, -17.17158899597322, 9.626158808300023, 8.494054449945041], [-17.17158899597322, -17.896837329456737, 8.494054449945041, 7.494319623872337], [-17.896837329456737, -17.04211771685503, 7.494319623872337, 6.62457556189776], [-17.04211771685503, -16.896837329456737, 6.62457556189776, 8.21447313819423], [-16.896837329456737, -16.937804499111653, 8.21447313819423, 8.4662670521105], [-16.937804499111653, -17.04062172300145, 8.4662670521105, 9.626158808300023]], "ID": 0}, "Obstacle_1": {"Vertex": [[4.733024668176759, 4.7216994134866095], [5.681323408345195, 4.79582784663811], [5.978890215039391, 5.972067195139071], [5.380513636486964, 6.978364768164271], [4.336783440995646, 7.056957968496122], [3.643631660029879, 6.1451892196698985], [3.8194342115673736, 4.952871797087571], [4.733024668176759, 4.7216994134866095]], "Edges": [[4.733024668176759, 5.681323408345195, 4.7216994134866095, 4.79582784663811], [5.681323408345195, 5.978890215039391, 4.79582784663811, 5.972067195139071], [5.978890215039391, 5.380513636486964, 5.972067195139071, 6.978364768164271], [5.380513636486964, 4.336783440995646, 6.978364768164271, 7.056957968496122], [4.336783440995646, 3.643631660029879, 7.056957968496122, 6.1451892196698985], [3.643631660029879, 3.8194342115673736, 6.1451892196698985, 4.952871797087571], [3.8194342115673736, 4.733024668176759, 4.952871797087571, 4.7216994134866095]], "ID": 1}, "Obstacle_2": {"Vertex": [[16.782943272799287, 13.994316237650954], [16.498826529087076, 11.937514340728836], [16.650469141858572, 9.568689662611266], [17.110997673882167, 9.454923249734044], [17.203490722016127, 11.10686192860869], [17.498826529087076, 12.168333746290347], [17.24968256546398, 13.695745285362515], [16.782943272799287, 13.994316237650954]], "Edges": [[16.782943272799287, 16.498826529087076, 13.994316237650954, 11.937514340728836], [16.498826529087076, 16.650469141858572, 11.937514340728836, 9.568689662611266], [16.650469141858572, 17.110997673882167, 9.568689662611266, 9.454923249734044], [17.110997673882167, 17.203490722016127, 9.454923249734044, 11.10686192860869], [17.203490722016127, 17.498826529087076, 11.10686192860869, 12.168333746290347], [17.498826529087076, 17.24968256546398, 12.168333746290347, 13.695745285362515], [17.24968256546398, 16.782943272799287, 13.695745285362515, 13.994316237650954]], "ID": 2}, "Obstacle_3": {"Vertex": [[9.047492406410349, -12.986360079394505], [9.10189944045543, -14.988393684163764], [10.587860171599532, -14.021533083090375], [12.128227936788713, -15.056706086786242], [11.686565648028099, -13.306645391189893], [10.600352407790814, -11.975970556407878], [9.047492406410349, -12.986360079394505]], "Edges": [[9.047492406410349, 9.10189944045543, -12.986360079394505, -14.988393684163764], [9.10189944045543, 10.587860171599532, -14.988393684163764, -14.021533083090375], [10.587860171599532, 12.128227936788713, -14.021533083090375, -15.056706086786242], [12.128227936788713, 11.686565648028099, -15.056706086786242, -13.306645391189893], [11.686565648028099, 10.600352407790814, -13.306645391189893, -11.975970556407878], [10.600352407790814, 9.047492406410349, -11.975970556407878, -12.986360079394505]], "ID": 3}, "Obstacle_4": {"Vertex": [[18.9114326748223, 6.843422479190843], [15.005030273078486, 7.170682352828579], [16.855103995970268, 5.373821044152656], [16.6006416449409, 3.264279951084764], [16.855103995970268, 5.373821044152656], [18.9114326748223, 6.843422479190843]], "Edges": [[18.9114326748223, 15.005030273078486, 6.843422479190843, 7.170682352828579], [15.005030273078486, 16.855103995970268, 7.170682352828579, 5.373821044152656], [16.855103995970268, 16.6006416449409, 5.373821044152656, 3.264279951084764], [16.6006416449409, 16.855103995970268, 3.264279951084764, 5.373821044152656], [16.855103995970268, 18.9114326748223, 5.373821044152656, 6.843422479190843]], "ID": 4}, "Obstacle_5": {"Vertex": [[-7.777267760270991, -14.639192704549448], [-6.891653148155644, -14.043724320138288], [-6.094880801105818, -14.226357718122655], [-5.62917334798413, -13.296549952666394], [-6.127074141181154, -12.302702684520012], [-7.108305455138819, -11.993197499065563], [-7.953836494378765, -12.588319809106366], [-8.275168553468015, -13.64534543640307], [-7.777267760270991, -14.639192704549448]], "Edges": [[-7.777267760270991, -6.891653148155644, -14.639192704549448, -14.043724320138288], [-6.891653148155644, -6.094880801105818, -14.043724320138288, -14.226357718122655], [-6.094880801105818, -5.62917334798413, -14.226357718122655, -13.296549952666394], [-5.62917334798413, -6.127074141181154, -13.296549952666394, -12.302702684520012], [-6.127074141181154, -7.108305455138819, -12.302702684520012, -11.993197499065563], [-7.108305455138819, -7.953836494378765, -11.993197499065563, -12.588319809106366], [-7.953836494378765, -8.275168553468015, -12.588319809106366, -13.64534543640307], [-8.275168553468015, -7.777267760270991, -13.64534543640307, -14.639192704549448]], "ID": 5}}, "Created": "2020-12-21 10:01:52", "NumberObstacles": 6, "x_margin": [-20, 20], "y_margin": [-20, 20]}