{"Obstacles": {"Obstacle_0": {"Vertex": [[12.675732551465671, 2.778938029934785], [13.119564115118925, 1.4026064896029349], [13.675732551465671, 2.5384755902060796], [13.217857195194817, 3.918184135173803], [12.675732551465671, 2.778938029934785]], "Edges": [[12.675732551465671, 13.119564115118925, 2.778938029934785, 1.4026064896029349], [13.119564115118925, 13.675732551465671, 1.4026064896029349, 2.5384755902060796], [13.675732551465671, 13.217857195194817, 2.5384755902060796, 3.918184135173803], [13.217857195194817, 12.675732551465671, 3.918184135173803, 2.778938029934785]], "ID": 0}, "Obstacle_1": {"Vertex": [[8.385158128536373, -5.8764627139593895], [6.229263361855636, -3.7856426617445407], [3.423183373463829, -4.623625910115856], [3.680331498488488, -7.973321689684993], [6.747000548442256, -8.747617416817086], [8.385158128536373, -5.8764627139593895]], "Edges": [[8.385158128536373, 6.229263361855636, -5.8764627139593895, -3.7856426617445407], [6.229263361855636, 3.423183373463829, -3.7856426617445407, -4.623625910115856], [3.423183373463829, 3.680331498488488, -4.623625910115856, -7.973321689684993], [3.680331498488488, 6.747000548442256, -7.973321689684993, -8.747617416817086], [6.747000548442256, 8.385158128536373, -8.747617416817086, -5.8764627139593895]], "ID": 1}, "Obstacle_2": {"Vertex": [[3.5829707611078785, -1.7384676687867178], [3.5652251224334197, -2.5834946314321816], [4.184920472151163, -3.1802260759246535], [4.628169045705936, -2.2031870445434016], [5.648398543134198, -2.551105725655297], [5.634895658653245, -1.6937840997163458], [5.015200308935502, -1.0970526552238749], [4.428354976745265, -1.744341386429188], [3.5829707611078785, -1.7384676687867178]], "Edges": [[3.5829707611078785, 3.5652251224334197, -1.7384676687867178, -2.5834946314321816], [3.5652251224334197, 4.184920472151163, -2.5834946314321816, -3.1802260759246535], [4.184920472151163, 4.628169045705936, -3.1802260759246535, -2.2031870445434016], [4.628169045705936, 5.648398543134198, -2.2031870445434016, -2.551105725655297], [5.648398543134198, 5.634895658653245, -2.551105725655297, -1.6937840997163458], [5.634895658653245, 5.015200308935502, -1.6937840997163458, -1.0970526552238749], [5.015200308935502, 4.428354976745265, -1.0970526552238749, -1.744341386429188], [4.428354976745265, 3.5829707611078785, -1.744341386429188, -1.7384676687867178]], "ID": 2}, "Obstacle_3": {"Vertex": [[15.575394292974579, -2.829911172944402], [15.601667234657514, -4.784402725041285], [16.21970122340741, -5.312221062394091], [16.57539429297458, -3.6839391826667014], [16.154331631162076, -2.398402658694403], [15.575394292974579, -2.829911172944402]], "Edges": [[15.575394292974579, 15.601667234657514, -2.829911172944402, -4.784402725041285], [15.601667234657514, 16.21970122340741, -4.784402725041285, -5.312221062394091], [16.21970122340741, 16.57539429297458, -5.312221062394091, -3.6839391826667014], [16.57539429297458, 16.154331631162076, -3.6839391826667014, -2.398402658694403], [16.154331631162076, 15.575394292974579, -2.398402658694403, -2.829911172944402]], "ID": 3}, "Obstacle_4": {"Vertex": [[-17.779976695344942, -13.66757908275361], [-17.938295731125713, -12.179495484417078], [-18.46656633551064, -11.748423099807884], [-18.779976695344942, -12.955211840662807], [-18.674962800414022, -14.026027966566183], [-18.722476355907798, -15.2900596722184], [-18.308365868954397, -15.409139623023277], [-17.848011924649178, -15.132649425558482], [-17.779976695344942, -13.66757908275361]], "Edges": [[-17.779976695344942, -17.938295731125713, -13.66757908275361, -12.179495484417078], [-17.938295731125713, -18.46656633551064, -12.179495484417078, -11.748423099807884], [-18.46656633551064, -18.779976695344942, -11.748423099807884, -12.955211840662807], [-18.779976695344942, -18.674962800414022, -12.955211840662807, -14.026027966566183], [-18.674962800414022, -18.722476355907798, -14.026027966566183, -15.2900596722184], [-18.722476355907798, -18.308365868954397, -15.2900596722184, -15.409139623023277], [-18.308365868954397, -17.848011924649178, -15.409139623023277, -15.132649425558482], [-17.848011924649178, -17.779976695344942, -15.132649425558482, -13.66757908275361]], "ID": 4}, "Obstacle_5": {"Vertex": [[0.7549117976814821, -12.718062237819314], [0.639085030441141, -12.427059456092486], [1.1390850304411408, -11.55903828666931], [0.6866292486298873, -11.349479579496137], [0.639085030441141, -12.427059456092486], [0.639085030441141, -12.427059456092486], [0.13908503044114084, -13.295080625515663], [0.5794258701805615, -13.77922199026692], [0.7549117976814821, -12.718062237819314]], "Edges": [[0.7549117976814821, 0.639085030441141, -12.718062237819314, -12.427059456092486], [0.639085030441141, 1.1390850304411408, -12.427059456092486, -11.55903828666931], [1.1390850304411408, 0.6866292486298873, -11.55903828666931, -11.349479579496137], [0.6866292486298873, 0.639085030441141, -11.349479579496137, -12.427059456092486], [0.639085030441141, 0.639085030441141, -12.427059456092486, -12.427059456092486], [0.639085030441141, 0.13908503044114084, -12.427059456092486, -13.295080625515663], [0.13908503044114084, 0.5794258701805615, -13.295080625515663, -13.77922199026692], [0.5794258701805615, 0.7549117976814821, -13.77922199026692, -12.718062237819314]], "ID": 5}, "Obstacle_6": {"Vertex": [[-9.893843173045651, 8.0832779848958], [-13.089811265940217, 8.119616792196528], [-12.875909563431888, 4.490897811327565], [-9.461092285071253, 4.7181981629015075], [-9.893843173045651, 8.0832779848958]], "Edges": [[-9.893843173045651, -13.089811265940217, 8.0832779848958, 8.119616792196528], [-13.089811265940217, -12.875909563431888, 8.119616792196528, 4.490897811327565], [-12.875909563431888, -9.461092285071253, 4.490897811327565, 4.7181981629015075], [-9.461092285071253, -9.893843173045651, 4.7181981629015075, 8.0832779848958]], "ID": 6}, "Obstacle_7": {"Vertex": [[-19.15946331806421, 7.793699156837535], [-19.698954371504456, 6.794978925896094], [-19.260220463694946, 5.80002815150898], [-18.375510075033205, 5.16780824237189], [-17.39784790104962, 5.627798431092352], [-16.748339391508996, 6.491252538843146], [-17.073063457038813, 7.578932168927107], [-18.07178368798025, 8.118423222367351], [-19.15946331806421, 7.793699156837535]], "Edges": [[-19.15946331806421, -19.698954371504456, 7.793699156837535, 6.794978925896094], [-19.698954371504456, -19.260220463694946, 6.794978925896094, 5.80002815150898], [-19.260220463694946, -18.375510075033205, 5.80002815150898, 5.16780824237189], [-18.375510075033205, -17.39784790104962, 5.16780824237189, 5.627798431092352], [-17.39784790104962, -16.748339391508996, 5.627798431092352, 6.491252538843146], [-16.748339391508996, -17.073063457038813, 6.491252538843146, 7.578932168927107], [-17.073063457038813, -18.07178368798025, 7.578932168927107, 8.118423222367351], [-18.07178368798025, -19.15946331806421, 8.118423222367351, 7.793699156837535]], "ID": 7}, "Obstacle_8": {"Vertex": [[-2.4919559514936136, 3.992005908130015], [-4.349082705662534, 3.6277591713640027], [-5.437174265791809, 2.308560934395045], [-4.947220809168227, 0.18827824889290934], [-2.589329177920995, 0.04657481393974039], [-1.4917431716015344, 2.0714503178557817], [-2.4919559514936136, 3.992005908130015]], "Edges": [[-2.4919559514936136, -4.349082705662534, 3.992005908130015, 3.6277591713640027], [-4.349082705662534, -5.437174265791809, 3.6277591713640027, 2.308560934395045], [-5.437174265791809, -4.947220809168227, 2.308560934395045, 0.18827824889290934], [-4.947220809168227, -2.589329177920995, 0.18827824889290934, 0.04657481393974039], [-2.589329177920995, -1.4917431716015344, 0.04657481393974039, 2.0714503178557817], [-1.4917431716015344, -2.4919559514936136, 2.0714503178557817, 3.992005908130015]], "ID": 8},