{"Obstacles": {"Obstacle_0": {"Vertex": [[18.866665938464205, -0.9730978375582826], [19.4802940789184, -0.19704907856565246], [19.51536621393406, 2.7076056285042496], [18.916565468794506, 3.7447254010598137], [18.51536621393406, 1.4665541697468838], [18.866665938464205, -0.9730978375582826]], "Edges": [[18.866665938464205, 19.4802940789184, -0.9730978375582826, -0.19704907856565246], [19.4802940789184, 19.51536621393406, -0.19704907856565246, 2.7076056285042496], [19.51536621393406, 18.916565468794506, 2.7076056285042496, 3.7447254010598137], [18.916565468794506, 18.51536621393406, 3.7447254010598137, 1.4665541697468838], [18.51536621393406, 18.866665938464205, 1.4665541697468838, -0.9730978375582826]], "ID": 0}, "Obstacle_1": {"Vertex": [[0.9960885699364067, -1.6060429805955119], [1.3502833584301734, -0.6768771907758484], [-0.8893811543437697, -0.11183257781719358], [-0.7452377732648757, -1.230690135453011], [-0.7997850933403958, -2.3514970905911365], [0.9960885699364067, -1.6060429805955119]], "Edges": [[0.9960885699364067, 1.3502833584301734, -1.6060429805955119, -0.6768771907758484], [1.3502833584301734, -0.8893811543437697, -0.6768771907758484, -0.11183257781719358], [-0.8893811543437697, -0.7452377732648757, -0.11183257781719358, -1.230690135453011], [-0.7452377732648757, -0.7997850933403958, -1.230690135453011, -2.3514970905911365], [-0.7997850933403958, 0.9960885699364067, -2.3514970905911365, -1.6060429805955119]], "ID": 1}, "Obstacle_2": {"Vertex": [[-11.83521877644821, -5.71931261034291], [-12.227704546794488, -6.045832243003791], [-12.155548046382568, -7.060956349359412], [-11.803585774445306, -7.696490765489546], [-11.384022247653006, -7.320900791424354], [-11.227704546794488, -6.384934374540118], [-11.432977840839381, -5.463028642052397], [-11.83521877644821, -5.71931261034291]], "Edges": [[-11.83521877644821, -12.227704546794488, -5.71931261034291, -6.045832243003791], [-12.227704546794488, -12.155548046382568, -6.045832243003791, -7.060956349359412], [-12.155548046382568, -11.803585774445306, -7.060956349359412, -7.696490765489546], [-11.803585774445306, -11.384022247653006, -7.696490765489546, -7.320900791424354], [-11.384022247653006, -11.227704546794488, -7.320900791424354, -6.384934374540118], [-11.227704546794488, -11.432977840839381, -6.384934374540118, -5.463028642052397], [-11.432977840839381, -11.83521877644821, -5.463028642052397, -5.71931261034291]], "ID": 2}, "Obstacle_3": {"Vertex": [[-6.0816671776153655, -9.079940032330327], [-7.50688900972654, -9.40686456782421], [-7.9518361915193125, -10.831656635852532], [-6.964396365416498, -11.937548872337093], [-5.543923129431365, -11.605306103315284], [-5.094227351512547, -10.185832268814888], [-6.0816671776153655, -9.079940032330327]], "Edges": [[-6.0816671776153655, -7.50688900972654, -9.079940032330327, -9.40686456782421], [-7.50688900972654, -7.9518361915193125, -9.40686456782421, -10.831656635852532], [-7.9518361915193125, -6.964396365416498, -10.831656635852532, -11.937548872337093], [-6.964396365416498, -5.543923129431365, -11.937548872337093, -11.605306103315284], [-5.543923129431365, -5.094227351512547, -11.605306103315284, -10.185832268814888], [-5.094227351512547, -6.0816671776153655, -10.185832268814888, -9.079940032330327]], "ID": 3}, "Obstacle_4": {"Vertex": [[-9.269135292034779, -17.033382940242262], [-10.543067252392028, -19.393009504514023], [-7.937872870726465, -19.638577321907828], [-9.269135292034779, -17.033382940242262]], "Edges": [[-9.269135292034779, -10.543067252392028, -17.033382940242262, -19.393009504514023], [-10.543067252392028, -7.937872870726465, -19.393009504514023, -19.638577321907828], [-7.937872870726465, -9.269135292034779, -19.638577321907828, -17.033382940242262]], "ID": 4}, "Obstacle_5": {"Vertex": [[-14.296104433070019, -12.497224101956222], [-15.781211329277378, -11.668307353670173], [-16.79936930665359, -14.171572227253742], [-14.296104433070019, -12.497224101956222]], "Edges": [[-14.296104433070019, -15.781211329277378, -12.497224101956222, -11.668307353670173], [-15.781211329277378, -16.79936930665359, -11.668307353670173, -14.171572227253742], [-16.79936930665359, -14.296104433070019, -14.171572227253742, -12.497224101956222]], "ID": 5}, "Obstacle_6": {"Vertex": [[11.62187479455105, 3.149189029028422], [11.616783071351898, 1.5983513079191383], [12.726601491190843, 0.6716120419143377], [13.800513163334498, 1.3470132010383438], [15.182095312495234, 1.5854425355577186], [15.187187035694386, 3.136280256667004], [13.496127674589951, 2.603682202169754], [12.669730964936578, 4.242016006256825], [11.62187479455105, 3.149189029028422]], "Edges": [[11.62187479455105, 11.616783071351898, 3.149189029028422, 1.5983513079191383], [11.616783071351898, 12.726601491190843, 1.5983513079191383, 0.6716120419143377], [12.726601491190843, 13.800513163334498, 0.6716120419143377, 1.3470132010383438], [13.800513163334498, 15.182095312495234, 1.3470132010383438, 1.5854425355577186], [15.182095312495234, 15.187187035694386, 1.5854425355577186, 3.136280256667004], [15.187187035694386, 13.496127674589951, 3.136280256667004, 2.603682202169754], [13.496127674589951, 12.669730964936578, 2.603682202169754, 4.242016006256825], [12.669730964936578, 11.62187479455105, 4.242016006256825, 3.149189029028422]], "ID": 6}, "Obstacle_7": {"Vertex": [[15.468451800147848, -8.090377652705065], [14.602671337852751, -9.140827351369023], [14.88850066216234, -10.234278709743672], [16.17805296090547, -10.853283872159427], [17.365577557307112, -9.896270857290709], [15.824007076860912, -9.474769251418744], [15.468451800147848, -8.090377652705065]], "Edges": [[15.468451800147848, 14.602671337852751, -8.090377652705065, -9.140827351369023], [14.602671337852751, 14.88850066216234, -9.140827351369023, -10.234278709743672], [14.88850066216234, 16.17805296090547, -10.234278709743672, -10.853283872159427], [16.17805296090547, 17.365577557307112, -10.853283872159427, -9.896270857290709], [17.365577557307112, 15.824007076860912, -9.896270857290709, -9.474769251418744], [15.824007076860912, 15.468451800147848, -9.474769251418744, -8.090377652705065]], "ID": 7}}, "Created": "2020-12-21 10:03:26", "NumberObstacles": 8, "x_margin": [-20, 20], "y_margin": [-20, 20]}