{"Obstacles": {"Obstacle_0": {"Vertex": [[-9.61670300256486, 17.917599131625725], [-9.116482402143152, 17.19343464733026], [-8.678338745847501, 18.276210384163903], [-8.740415689973558, 20.0], [-9.240503347679525, 20.0], [-9.678338745847501, 19.723900630597118], [-9.61670300256486, 17.917599131625725]], "Edges": [[-9.61670300256486, -9.116482402143152, 17.917599131625725, 17.19343464733026], [-9.116482402143152, -8.678338745847501, 17.19343464733026, 18.276210384163903], [-8.678338745847501, -8.740415689973558, 18.276210384163903, 20.0], [-8.740415689973558, -9.240503347679525, 20.0, 20.0], [-9.240503347679525, -9.678338745847501, 20.0, 19.723900630597118], [-9.678338745847501, -9.61670300256486, 19.723900630597118, 17.917599131625725]], "ID": 0}, "Obstacle_1": {"Vertex": [[20.0, -0.0127504582553839], [19.72272700463271, 1.9518528463484266], [18.83295344686641, -0.6031553154336358], [20.0, -0.0127504582553839]], "Edges": [[20.0, 19.72272700463271, -0.0127504582553839, 1.9518528463484266], [19.72272700463271, 18.83295344686641, 1.9518528463484266, -0.6031553154336358], [18.83295344686641, 20.0, -0.6031553154336358, -0.0127504582553839]], "ID": 1}, "Obstacle_2": {"Vertex": [[12.479068015695967, -8.523896635021726], [10.335276254658767, -5.795506496168732], [9.750677876842973, -6.970013780728874], [12.479068015695967, -8.523896635021726]], "Edges": [[12.479068015695967, 10.335276254658767, -8.523896635021726, -5.795506496168732], [10.335276254658767, 9.750677876842973, -5.795506496168732, -6.970013780728874], [9.750677876842973, 12.479068015695967, -6.970013780728874, -8.523896635021726]], "ID": 2}, "Obstacle_3": {"Vertex": [[-13.852172927614205, 9.616491149010725], [-14.368509102888845, 10.916329609606075], [-15.633677308162497, 12.310909562596734], [-17.765729470499206, 11.778770357727481], [-18.83337058118407, 10.098944561583009], [-16.60804418152605, 9.37067224003301], [-16.279429936531642, 7.329711909026869], [-14.147377774194926, 7.8618511138961225], [-13.852172927614205, 9.616491149010725]], "Edges": [[-13.852172927614205, -14.368509102888845, 9.616491149010725, 10.916329609606075], [-14.368509102888845, -15.633677308162497, 10.916329609606075, 12.310909562596734], [-15.633677308162497, -17.765729470499206, 12.310909562596734, 11.778770357727481], [-17.765729470499206, -18.83337058118407, 11.778770357727481, 10.098944561583009], [-18.83337058118407, -16.60804418152605, 10.098944561583009, 9.37067224003301], [-16.60804418152605, -16.279429936531642, 9.37067224003301, 7.329711909026869], [-16.279429936531642, -14.147377774194926, 7.329711909026869, 7.8618511138961225], [-14.147377774194926, -13.852172927614205, 7.8618511138961225, 9.616491149010725]], "ID": 3}, "Obstacle_4": {"Vertex": [[14.757909065785276, 2.9087915241581683], [16.07296829389857, 0.906568696594475], [18.278227795821323, 2.4243659697673126], [18.467960546377643, 5.045058217277408], [16.024826470816826, 5.1502103000451545], [14.224318942926963, 4.64266235171678], [14.757909065785276, 2.9087915241581683]], "Edges": [[14.757909065785276, 16.07296829389857, 2.9087915241581683, 0.906568696594475], [16.07296829389857, 18.278227795821323, 0.906568696594475, 2.4243659697673126], [18.278227795821323, 18.467960546377643, 2.4243659697673126, 5.045058217277408], [18.467960546377643, 16.024826470816826, 5.045058217277408, 5.1502103000451545], [16.024826470816826, 14.224318942926963, 5.1502103000451545, 4.64266235171678], [14.224318942926963, 14.757909065785276, 4.64266235171678, 2.9087915241581683]], "ID": 4}, "Obstacle_5": {"Vertex": [[-8.523296394795334, -4.112057829622361], [-8.164094606581424, -4.4141410865087405], [-7.830849191222172, -3.8929744523081133], [-7.770489762407912, -2.9687399438033646], [-7.965964161048952, -2.159320655741242], [-8.355176029390087, -1.9623843749442633], [-8.68842144474934, -2.48355100914489], [-8.770489762407912, -3.4175282122847332], [-8.523296394795334, -4.112057829622361]], "Edges": [[-8.523296394795334, -8.164094606581424, -4.112057829622361, -4.4141410865087405], [-8.164094606581424, -7.830849191222172, -4.4141410865087405, -3.8929744523081133], [-7.830849191222172, -7.770489762407912, -3.8929744523081133, -2.9687399438033646], [-7.770489762407912, -7.965964161048952, -2.9687399438033646, -2.159320655741242], [-7.965964161048952, -8.355176029390087, -2.159320655741242, -1.9623843749442633], [-8.355176029390087, -8.68842144474934, -1.9623843749442633, -2.48355100914489], [-8.68842144474934, -8.770489762407912, -2.48355100914489, -3.4175282122847332], [-8.770489762407912, -8.523296394795334, -3.4175282122847332, -4.112057829622361]], "ID": 5}}, "Created": "2020-12-21 10:01:12", "NumberObstacles": 6, "x_margin": [-20, 20], "y_margin": [-20, 20]}