{"Obstacles": {"Obstacle_0": {"Vertex": [[-7.971730235337358, 12.624456762073466], [-6.703561920431944, 11.825674781156874], [-5.280647730404936, 12.649560406351748], [-5.409214687663787, 14.108186237022728], [-6.960695834949645, 14.742926442498835], [-8.197899391746898, 13.843063093886848], [-7.971730235337358, 12.624456762073466]], "Edges": [[-7.971730235337358, -6.703561920431944, 12.624456762073466, 11.825674781156874], [-6.703561920431944, -5.280647730404936, 11.825674781156874, 12.649560406351748], [-5.280647730404936, -5.409214687663787, 12.649560406351748, 14.108186237022728], [-5.409214687663787, -6.960695834949645, 14.108186237022728, 14.742926442498835], [-6.960695834949645, -8.197899391746898, 14.742926442498835, 13.843063093886848], [-8.197899391746898, -7.971730235337358, 13.843063093886848, 12.624456762073466]], "ID": 0}, "Obstacle_1": {"Vertex": [[20.0, -9.754765206899108], [18.400495691393335, -8.932395759836005], [17.006675403493833, -10.478244126798025], [18.075031449724445, -12.256000406097181], [20.0, -11.808865843455592], [20.0, -9.754765206899108]], "Edges": [[20.0, 18.400495691393335, -9.754765206899108, -8.932395759836005], [18.400495691393335, 17.006675403493833, -8.932395759836005, -10.478244126798025], [17.006675403493833, 18.075031449724445, -10.478244126798025, -12.256000406097181], [18.075031449724445, 20.0, -12.256000406097181, -11.808865843455592], [20.0, 20.0, -11.808865843455592, -9.754765206899108]], "ID": 1}, "Obstacle_2": {"Vertex": [[-1.0607172888394545, 13.08394719729298], [0.6128181265916677, 13.999246750348203], [1.0005813501496572, 16.1728915875456], [-1.1061435108872555, 16.273609492508072], [-1.9093635956836583, 18.069933249805782], [-2.6223358510205035, 16.49027561279406], [-3.9854047023631463, 15.06760414049061], [-2.912806422041675, 13.217690501375257], [-1.0607172888394545, 13.08394719729298]], "Edges": [[-1.0607172888394545, 0.6128181265916677, 13.08394719729298, 13.999246750348203], [0.6128181265916677, 1.0005813501496572, 13.999246750348203, 16.1728915875456], [1.0005813501496572, -1.1061435108872555, 16.1728915875456, 16.273609492508072], [-1.1061435108872555, -1.9093635956836583, 16.273609492508072, 18.069933249805782], [-1.9093635956836583, -2.6223358510205035, 18.069933249805782, 16.49027561279406], [-2.6223358510205035, -3.9854047023631463, 16.49027561279406, 15.06760414049061], [-3.9854047023631463, -2.912806422041675, 15.06760414049061, 13.217690501375257], [-2.912806422041675, -1.0607172888394545, 13.217690501375257, 13.08394719729298]], "ID": 2}, "Obstacle_3": {"Vertex": [[-14.486405900062868, -2.730146313617882], [-15.432224604074438, -4.166444813465384], [-15.48267086488339, -5.819313388817214], [-13.423226148083835, -6.317445871227475], [-11.895371307273798, -5.021928574832939], [-12.774897761828004, -3.5233054199840614], [-14.486405900062868, -2.730146313617882]], "Edges": [[-14.486405900062868, -15.432224604074438, -2.730146313617882, -4.166444813465384], [-15.432224604074438, -15.48267086488339, -4.166444813465384, -5.819313388817214], [-15.48267086488339, -13.423226148083835, -5.819313388817214, -6.317445871227475], [-13.423226148083835, -11.895371307273798, -6.317445871227475, -5.021928574832939], [-11.895371307273798, -12.774897761828004, -5.021928574832939, -3.5233054199840614], [-12.774897761828004, -14.486405900062868, -3.5233054199840614, -2.730146313617882]], "ID": 3}, "Obstacle_4": {"Vertex": [[-13.903945174590023, 6.876185784182581], [-12.745734227897813, 7.785179178645954], [-13.510418225074222, 8.914354196583135], [-14.783902640298368, 8.43321666627975], [-14.137154080640212, 7.944504098131228], [-13.903945174590023, 6.876185784182581]], "Edges": [[-13.903945174590023, -12.745734227897813, 6.876185784182581, 7.785179178645954], [-12.745734227897813, -13.510418225074222, 7.785179178645954, 8.914354196583135], [-13.510418225074222, -14.783902640298368, 8.914354196583135, 8.43321666627975], [-14.783902640298368, -14.137154080640212, 8.43321666627975, 7.944504098131228], [-14.137154080640212, -13.903945174590023, 7.944504098131228, 6.876185784182581]], "ID": 4}, "Obstacle_5": {"Vertex": [[-1.2590597456100863, 2.9339129440919463], [-1.3386112074164185, 1.149317132205533], [-0.29553625779425663, 0.10476704355639344], [1.0282279779599626, -1.062200826205805], [0.8178301563360287, 1.3111640248925025], [3.5334845519936042, 1.5149814033460829], [2.581455531446969, 3.2221542449483307], [0.5963186851056818, 3.809894933204218], [-1.2590597456100863, 2.9339129440919463]], "Edges": [[-1.2590597456100863, -1.3386112074164185, 2.9339129440919463, 1.149317132205533], [-1.3386112074164185, -0.29553625779425663, 1.149317132205533, 0.10476704355639344], [-0.29553625779425663, 1.0282279779599626, 0.10476704355639344, -1.062200826205805], [1.0282279779599626, 0.8178301563360287, -1.062200826205805, 1.3111640248925025], [0.8178301563360287, 3.5334845519936042, 1.3111640248925025, 1.5149814033460829], [3.5334845519936042, 2.581455531446969, 1.5149814033460829, 3.2221542449483307], [2.581455531446969, 0.5963186851056818, 3.2221542449483307, 3.809894933204218], [0.5963186851056818, -1.2590597456100863, 3.809894933204218, 2.9339129440919463]], "ID": 5}, "Obstacle_6": {"Vertex": [[-6.948044170240456, -7.185381142850304], [-5.616898870849685, -5.7892307141254], [-7.013049299574589, -4.458085414734628], [-8.34419459896536, -5.854235843459532], [-6.948044170240456, -7.185381142850304]], "Edges": [[-6.948044170240456, -5.616898870849685, -7.185381142850304, -5.7892307141254], [-5.616898870849685, -7.013049299574589, -5.7892307141254, -4.458085414734628], [-7.013049299574589, -8.34419459896536, -4.458085414734628, -5.854235843459532], [-8.34419459896536, -6.948044170240456, -5.854235843459532, -7.185381142850304]], "ID": 6}, "Obstacle_7": {"Vertex": [[-4.330957465999864, -12.104437654992488], [-4.0911754311798125, -11.645917299804053], [-3.0124027747949724, -12.535509906943128], [-1.8061746003652046, -9.992144433990665], [-3.471417383018849, -7.74509941437876], [-4.935419125879412, -9.853521187982874], [-6.596585092929573, -11.543347725346093], [-4.330957465999864, -12.104437654992488]], "Edges": [[-4.330957465999864, -4.0911754311798125, -12.104437654992488, -11.645917299804053], [-4.0911754311798125, -3.0124027747949724, -11.645917299804053, -12.535509906943128], [-3.0124027747949724, -1.8061746003652046, -12.535509906943128, -9.992144433990665], [-1.8061746003652046, -3.471417383018849, -9.992144433990665, -7.74509941437876], [-3.471417383018849, -4.935419125879412, -7.74509941437876, -9.853521187982874], [-4.935419125879412, -6.596585092929573, -9.853521187982874, -11.543347725346093], [-6.596585092929573, -4.330957465999864, -11.543347725346093, -12.104437654992488]], "ID": 7}, "Obstacle_8": {"Vertex": [[-6.0640027943461225, 10.668143978068489], [-9.744436163039191, 11.841416143731992], [-7.509072385239518, 8.160982775038923], [-6.0640027943461225, 10.668143978068489]], "Edges": [[-6.0640027943461225, -9.744436163039191, 10.668143978068489, 11.841416143731992], [-9.744436163039191, -7.509072385239518, 11.841416143731992, 8.160982775038923], [-7.509072385239518, -6.0640027943461225, 8.160982775038923, 10.668143978068489]], "ID": 8}, "Obstacle_9": {"Vertex": [[-11.362850797093255, 19.309784914186203], [-12.75147024788609, 20.0], [-13.33520243574019, 18.63486744049853], [-15.161940701989636, 18.37768086860746], [-13.152700570918274, 18.42330339995006], [-12.659734912933446, 16.53391041578568], [-11.413539545909256, 17.659236136460926], [-11.362850797093255, 19.309784914186203]],