{"Obstacles": {"Obstacle_0": {"Vertex": [[-11.413275561691995, 17.993184061956438], [-11.171909108568231, 15.389095186030525], [-10.86096713142058, 17.596426068376065], [-11.172929062726247, 19.503330927383306], [-11.342315220401046, 19.25936143561848], [-11.524477626107691, 19.871274177075186], [-11.86096713142058, 18.25720749511456], [-11.413275561691995, 17.993184061956438]], "Edges": [[-11.413275561691995, -11.171909108568231, 17.993184061956438, 15.389095186030525], [-11.171909108568231, -10.86096713142058, 15.389095186030525, 17.596426068376065], [-10.86096713142058, -11.172929062726247, 17.596426068376065, 19.503330927383306], [-11.172929062726247, -11.342315220401046, 19.503330927383306, 19.25936143561848], [-11.342315220401046, -11.524477626107691, 19.25936143561848, 19.871274177075186], [-11.524477626107691, -11.86096713142058, 19.871274177075186, 18.25720749511456], [-11.86096713142058, -11.413275561691995, 18.25720749511456, 17.993184061956438]], "ID": 0}, "Obstacle_1": {"Vertex": [[18.417639504154696, 2.0467104156414804], [18.313799679398006, 4.121069055942119], [16.18752112671901, 5.080368507524918], [15.101704026497492, 3.542739748765617], [14.268922223553417, 1.8909506785064367], [16.3952007762324, 0.9316512269236399], [18.417639504154696, 2.0467104156414804]], "Edges": [[18.417639504154696, 18.313799679398006, 2.0467104156414804, 4.121069055942119], [18.313799679398006, 16.18752112671901, 4.121069055942119, 5.080368507524918], [16.18752112671901, 15.101704026497492, 5.080368507524918, 3.542739748765617], [15.101704026497492, 14.268922223553417, 3.542739748765617, 1.8909506785064367], [14.268922223553417, 16.3952007762324, 1.8909506785064367, 0.9316512269236399], [16.3952007762324, 18.417639504154696, 0.9316512269236399, 2.0467104156414804]], "ID": 1}, "Obstacle_2": {"Vertex": [[13.569229925477785, -0.9599328247698531], [12.616763779753018, -2.139911672508299], [13.736700420578028, -2.4671549666153947], [14.190664498220606, -1.8527238862041062], [15.407960097698016, -1.5170842900826613], [14.959551850671378, 0.3240413513296032], [13.852432832448722, -0.059158282097013126], [13.569229925477785, -0.9599328247698531]], "Edges": [[13.569229925477785, 12.616763779753018, -0.9599328247698531, -2.139911672508299], [12.616763779753018, 13.736700420578028, -2.139911672508299, -2.4671549666153947], [13.736700420578028, 14.190664498220606, -2.4671549666153947, -1.8527238862041062], [14.190664498220606, 15.407960097698016, -1.8527238862041062, -1.5170842900826613], [15.407960097698016, 14.959551850671378, -1.5170842900826613, 0.3240413513296032], [14.959551850671378, 13.852432832448722, 0.3240413513296032, -0.059158282097013126], [13.852432832448722, 13.569229925477785, -0.059158282097013126, -0.9599328247698531]], "ID": 2}, "Obstacle_3": {"Vertex": [[-18.894859019215296, 13.983193587490206], [-19.894859019215296, 16.498053776103458], [-19.759035600773068, 14.129285193229832], [-18.894859019215296, 13.983193587490206]], "Edges": [[-18.894859019215296, -19.894859019215296, 13.983193587490206, 16.498053776103458], [-19.894859019215296, -19.759035600773068, 16.498053776103458, 14.129285193229832], [-19.759035600773068, -18.894859019215296, 14.129285193229832, 13.983193587490206]], "ID": 3}, "Obstacle_4": {"Vertex": [[0.3823284093332262, -15.243884495144863], [1.3823284093332262, -16.54964123662181], [1.374054474754908, -12.370426178632895], [0.3823284093332262, -15.243884495144863]], "Edges": [[0.3823284093332262, 1.3823284093332262, -15.243884495144863, -16.54964123662181], [1.3823284093332262, 1.374054474754908, -16.54964123662181, -12.370426178632895], [1.374054474754908, 0.3823284093332262, -12.370426178632895, -15.243884495144863]], "ID": 4}, "Obstacle_5": {"Vertex": [[11.064879836030716, -10.52643743738104], [11.592809188035377, -12.523260880785474], [13.273777420019899, -10.677395534747141], [11.9021242685989, -8.622911229025869], [9.373427768260292, -9.199035444775228], [11.064879836030716, -10.52643743738104]], "Edges": [[11.064879836030716, 11.592809188035377, -10.52643743738104, -12.523260880785474], [11.592809188035377, 13.273777420019899, -12.523260880785474, -10.677395534747141], [13.273777420019899, 11.9021242685989, -10.677395534747141, -8.622911229025869], [11.9021242685989, 9.373427768260292, -8.622911229025869, -9.199035444775228], [9.373427768260292, 11.064879836030716, -9.199035444775228, -10.52643743738104]], "ID": 5}, "Obstacle_6": {"Vertex": [[-15.798300054160297, -3.6908020888842885], [-16.45219134797376, -3.053193092081571], [-17.24614079004154, -3.3413361868815774], [-17.83737071844101, -3.9433320443348023], [-17.2160252355759, -4.484933847197775], [-16.65909932100428, -5.092263756362286], [-15.890382764963816, -4.598273906121622], [-15.798300054160297, -3.6908020888842885]], "Edges": [[-15.798300054160297, -16.45219134797376, -3.6908020888842885, -3.053193092081571], [-16.45219134797376, -17.24614079004154, -3.053193092081571, -3.3413361868815774], [-17.24614079004154, -17.83737071844101, -3.3413361868815774, -3.9433320443348023], [-17.83737071844101, -17.2160252355759, -3.9433320443348023, -4.484933847197775], [-17.2160252355759, -16.65909932100428, -4.484933847197775, -5.092263756362286], [-16.65909932100428, -15.890382764963816, -5.092263756362286, -4.598273906121622], [-15.890382764963816, -15.798300054160297, -4.598273906121622, -3.6908020888842885]], "ID": 6}, "Obstacle_7": {"Vertex": [[4.113924350195639, -14.603015627675411], [2.6331729742952468, -11.522613603214847], [1.0335223257350734, -14.474897984171776], [4.113924350195639, -14.603015627675411]], "Edges": [[4.113924350195639, 2.6331729742952468, -14.603015627675411, -11.522613603214847], [2.6331729742952468, 1.0335223257350734, -11.522613603214847, -14.474897984171776], [1.0335223257350734, 4.113924350195639, -14.474897984171776, -14.603015627675411]], "ID": 7}, "Obstacle_8": {"Vertex": [[17.614727053402337, 14.415533975505767], [17.82753791394314, 15.68409925158534], [18.200937429656523, 17.402374499185004], [16.543907761623814, 16.153749136870523], [14.548104920990493, 16.839146944420733], [14.42181526368487, 14.91535435971681], [15.946202224678329, 13.623252333213353], [17.614727053402337, 14.415533975505767]], "Edges": [[17.614727053402337, 17.82753791394314, 14.415533975505767, 15.68409925158534], [17.82753791394314, 18.200937429656523, 15.68409925158534, 17.402374499185004], [18.200937429656523, 16.543907761623814, 17.402374499185004, 16.153749136870523], [16.543907761623814, 14.548104920990493, 16.153749136870523, 16.839146944420733], [14.548104920990493, 14.42181526368487, 16.839146944420733, 14.91535435971681], [14.42181526368487, 15.946202224678329, 14.91535435971681, 13.623252333213353], [15.946202224678329, 17.614727053402337, 13.623252333213353, 14.415533975505767]], "ID": 8}, "Obstacle_9": {"Vertex": [[-4.480471417578411, -11.700951535117099], [-6.178491454368752, -13.09106976746525], [-5.5986933521811135, -14.946789309119938], [-2.932653680365913, -13.754540784537056], [-4.480471417578411, -11.700951535117099]], "Edges": [[-4.480471417578411, -6.178491454368752, -11.700951535117099, -13.09106976746525], [-6.178491454368752, -5.5986933521811135, -13.09106976746525, -14.946789309119938], [-5.5986933521811135, -2.932653680365913, -14.946789309119938, -13.754540784537056], [-2.932653680365913, -4.480471417578411, -13.754540784537056, -11.700951535117099]], "ID": 9}}, "Created": "2020-12-21 10:03:32", "NumberObstacles": 10, "x_margin": [-20, 20], "y_margin": [-20, 20]}